Hour;Grid_Price
1;24.95
2;24.35
3;23.98
4;23.72
5;23.73
6;24.06
7;24.44
8;24.93
9;24.9
10;25.07
11;25.63
12;25.92
13;26.13
14;26.57
15;27.3
16;28.61
17;30.25
18;30.19
19;28.82
20;28.25
21;27.32
22;26.98
23;26.44
24;25.64
25;25.59
26;24.91
27;24.74
28;24.66
29;24.72
30;24.92
31;25.62
32;26.19
33;28.02
34;27.65
35;28.83
36;29.76
37;28.62
38;28.72
39;28.89
40;39.74
41;58.88
42;60.51
43;59.84
44;29.94
45;27.38
46;26.96
47;26.85
48;25.94
49;25.27
50;24.59
51;23.86
52;23.57
53;23.49
54;23.85
55;24.05
56;24.8
57;24.97
58;25.65
59;26
60;26.07
61;25.87
62;25.83
63;26.02
64;26.5
65;28.05
66;28.53
67;28.17
68;27.92
69;27.56
70;27.04
71;26.18
72;24.92
73;24.66
74;24.05
75;23.88
76;24.03
77;24.58
78;25.84
79;28.21
80;30.85
81;49.2
82;50.02
83;55.4
84;56.53
85;52.07
86;56.53
87;57.99
88;58.03
89;60.5
90;65.22
91;60.05
92;53.73
93;37.68
94;34.82
95;30.95
96;27.35
97;27.81
98;27.45
99;27.08
100;27.14
101;27.79
102;29.81
103;35.78
104;53.64
105;60
106;60.12
107;61.18
108;62.46
109;61.48
110;62.29
111;62.04
112;62.51
113;64.26
114;65.6
115;60.13
116;54.66
117;40.78
118;39.6
119;32.06
120;29.21
121;29.83
122;28.72
123;28.11
124;27.98
125;28.16
126;29
127;30.72
128;35.54
129;39.18
130;41.88
131;46.07
132;45.27
133;46.21
134;47.35
135;51.31
136;54.9
137;58.4
138;59.93
139;55.67
140;50.25
141;39.84
142;39.93
143;38.7
144;32.5
145;43.08
146;40.9
147;39.19
148;39.78
149;41.28
150;45.54
151;55.97
152;67.8
153;84.43
154;83.86
155;82.44
156;85.99
157;84.71
158;82.29
159;78.62
160;81.57
161;89.68
162;99.91
163;84.62
164;77.79
165;65.2
166;59.33
167;58.26
168;50.99
169;49.31
170;47.38
171;45.78
172;44.51
173;45.69
174;50.33
175;59.71
176;79.56
177;103.54
178;107.8
179;107.32
180;104.26
181;99.91
182;95.27
183;92.72
184;95.42
185;95
186;110
187;99.95
188;80.12
189;61.48
190;59.43
191;56.22
192;50.48
193;47.58
194;47.04
195;46.48
196;47.67
197;48.04
198;47.77
199;48.26
200;52.16
201;58.11
202;64.68
203;65.61
204;65.89
205;64.97
206;60.55
207;58.14
208;60
209;62.78
210;69.92
211;69.69
212;65.77
213;49.93
214;47.95
215;43.47
216;36.64
217;38.84
218;35.97
219;34.35
220;33.87
221;33.84
222;34.21
223;34.03
224;37.61
225;39.09
226;40.76
227;44.16
228;45.34
229;44.76
230;44.34
231;45.45
232;46.67
233;50.72
234;54.95
235;53.34
236;49.39
237;46.43
238;44.49
239;40.07
240;35.88
241;40.6
242;39.59
243;37.78
244;35.43
245;37.29
246;41.41
247;42.78
248;50.34
249;57.25
250;49.62
251;47.57
252;44.64
253;43.33
254;42.61
255;42.05
256;42.31
257;43.28
258;44.98
259;42.93
260;39.71
261;37.11
262;34.24
263;33.21
264;27.39
265;19.43
266;15.82
267;19
268;24.14
269;27
270;35.03
271;40.14
272;54.51
273;60.64
274;54.96
275;56.5
276;55.34
277;50.1
278;48.05
279;48.04
280;52.01
281;61.06
282;64.12
283;60.4
284;50.45
285;41.79
286;40.71
287;37.75
288;34.62
289;33.03
290;32.43
291;31.58
292;30.84
293;31.68
294;36.81
295;41.87
296;46.21
297;56.14
298;47.71
299;46.23
300;43.82
301;41.22
302;40.04
303;39.47
304;41.17
305;45.91
306;55.49
307;54.51
308;48.1
309;47.14
310;40.88
311;40.02
312;38.03
313;37.3
314;36.91
315;36.98
316;39.44
317;42.16
318;45.34
319;54.98
320;81.34
321;91
322;89.27
323;89.63
324;91.05
325;88.91
326;89.24
327;86.04
328;91.21
329;99.94
330;103.14
331;92.38
332;87.7
333;74.58
334;62.74
335;59.82
336;55.6
337;48.98
338;47.49
339;46.22
340;45.3
341;46.46
342;49.87
343;62.97
344;79.86
345;96.64
346;100.16
347;99.94
348;89.11
349;81.2
350;78.52
351;79.04
352;78.87
353;84.02
354;99.5
355;98.02
356;95.01
357;77.2
358;67.18
359;62.62
360;53.7
361;53.09
362;51.65
363;49.88
364;48.45
365;48.09
366;47.35
367;48
368;51.43
369;58.97
370;63.96
371;61.79
372;62.13
373;54.24
374;49.09
375;49.48
376;50.65
377;59.12
378;65.01
379;66.4
380;63.76
381;57.47
382;52.98
383;51.92
384;48.17
385;46.49
386;44.82
387;44.99
388;44.98
389;44.38
390;44.33
391;45.34
392;46.5
393;47.4
394;51.13
395;54.75
396;58.08
397;54.58
398;52.82
399;49.95
400;53.48
401;60.6
402;67.05
403;72
404;67.78
405;62.45
406;55.56
407;52.13
408;46.9
409;43.85
410;44.37
411;44.13
412;44.47
413;44.83
414;46.42
415;53.72
416;74.53
417;78.92
418;75.65
419;72.03
420;66.39
421;60.06
422;57.7
423;59.41
424;57.39
425;54.54
426;59.94
427;55.08
428;51.42
429;46.97
430;45.63
431;42.95
432;37.83
433;36.75
434;35.94
435;34.74
436;35.96
437;36.7
438;38.14
439;41.59
440;46.68
441;56.5
442;54.5
443;52.73
444;54.5
445;52.21
446;52.11
447;52.37
448;51.34
449;51.89
450;56.04
451;52.75
452;45.39
453;41.41
454;39.75
455;36.66
456;31.23
457;30.33
458;28.4
459;27.27
460;26.77
461;28.85
462;31.91
463;35.7
464;39.02
465;41.25
466;38.9
467;38.01
468;37.95
469;37.92
470;36.84
471;36.8
472;37.99
473;39.33
474;45.51
475;40.41
476;39.13
477;35.69
478;32.19
479;29.49
480;25.3
481;24.85
482;21.49
483;20.85
484;19.97
485;21.51
486;24.58
487;27.47
488;35.32
489;37.23
490;35.29
491;33.01
492;33.38
493;33.69
494;35.34
495;36.22
496;36.61
497;37.93
498;39.52
499;37.22
500;35.71
501;32.01
502;30.08
503;27.43
504;24.09
505;12.45
506;13.92
507;11.08
508;11.8
509;19.48
510;26.93
511;31.45
512;36.76
513;41.51
514;39.62
515;38.62
516;37.46
517;36.39
518;35.83
519;35.27
520;35.18
521;35.71
522;36.22
523;35.47
524;33.35
525;29.33
526;27.83
527;26.77
528;25.4
529;25.85
530;24.97
531;24.94
532;26.01
533;27.2
534;30.37
535;30.87
536;33.83
537;35.5
538;36.2
539;37.33
540;37.75
541;37.89
542;37.98
543;38.21
544;39.67
545;56.49
546;61.58
547;63.03
548;57.66
549;41.01
550;39.04
551;37.38
552;36.48
553;37.87
554;37.91
555;37.82
556;37.88
557;38.12
558;38.74
559;39.35
560;40.66
561;44.55
562;48.99
563;51.44
564;54.34
565;51.86
566;45.99
567;44.34
568;45.93
569;52
570;61.98
571;65
572;62.91
573;59.3
574;54.9
575;51.9
576;44.06
577;45.5
578;41.76
579;41.22
580;40.56
581;41.36
582;45.66
583;61.95
584;70
585;75.62
586;79.67
587;74.95
588;72.2
589;69.02
590;67
591;65.91
592;66.01
593;67.35
594;73.46
595;71.5
596;65.07
597;62.52
598;55.26
599;50.12
600;40.54
601;42.58
602;42.32
603;42.2
604;41.78
605;44.07
606;49.8
607;58.56
608;70.75
609;73.95
610;71.73
611;73.91
612;72
613;70
614;65.91
615;66.33
616;68.15
617;68.75
618;73.73
619;70.36
620;63.15
621;60.49
622;54.93
623;51.05
624;45.03
625;45.7
626;44.04
627;42.61
628;41.58
629;42.2
630;45
631;51.25
632;62.04
633;66.79
634;66.12
635;65.47
636;65.94
637;65.78
638;65.54
639;65.84
640;66.16
641;66.13
642;69.85
643;70.48
644;63.99
645;59.64
646;55.75
647;53.1
648;48.39
649;46.87
650;44.93
651;43.83
652;42.4
653;43.64
654;44.41
655;53.52
656;68.23
657;72.52
658;68.83
659;67.69
660;67.44
661;62.81
662;61.56
663;61.06
664;59.52
665;68.2
666;80.07
667;69.77
668;61.17
669;55.67
670;53.3
671;51.02
672;45.51
673;42.71
674;40.84
675;39.37
676;38.78
677;39.38
678;42.96
679;47.17
680;65.09
681;73.39
682;73.28
683;68.76
684;63.54
685;62.69
686;62.5
687;54.99
688;51.94
689;63.86
690;66.45
691;63.64
692;59.38
693;54.34
694;50.03
695;45.9
696;42.79
697;42.33
698;40.39
699;39.05
700;37.96
701;38.08
702;39.41
703;41.56
704;43.35
705;48.26
706;57.73
707;57.81
708;57.78
709;55.13
710;50.6
711;47.99
712;48.05
713;56.58
714;60.58
715;61.65
716;59.62
717;52.78
718;46.96
719;46.98
720;42.3
721;42.08
722;40.98
723;40.51
724;39.5
725;39.55
726;40.62
727;40.82
728;41.29
729;44.85
730;49.15
731;50.73
732;51.14
733;50.37
734;46.43
735;45.95
736;47.92
737;52.92
738;64.46
739;63.88
740;62.35
741;57.99
742;51.34
743;49.28
744;45.36
745;42.55
746;40.98
747;40.94
748;40.02
749;40.76
750;48.31
751;59.42
752;149.95
753;199.94
754;165.79
755;125.54
756;67.18
757;66.04
758;66.35
759;78.45
760;86.08
761;140.02
762;199.94
763;119.03
764;70.47
765;62.29
766;56.36
767;55.25
768;49.4
769;46.13
770;45.05
771;43.59
772;42.44
773;43.98
774;47.72
775;62.46
776;116.5
777;152.25
778;119.43
779;100.08
780;66.77
781;63.99
782;62.58
783;64.43
784;64.75
785;78.94
786;89.28
787;66.01
788;60.11
789;51.19
790;48.64
791;46.54
792;41.98
793;38.69
794;37.53
795;36.73
796;36.91
797;38.69
798;41.23
799;45.04
800;68.71
801;84.84
802;73.97
803;84.88
804;61.56
805;59.89
806;58.92
807;50.07
808;49.01
809;55.05
810;68.88
811;54.56
812;50.86
813;43.71
814;41.79
815;40.15
816;36.93
817;34.95
818;34.46
819;33.94
820;34.56
821;36.97
822;39.53
823;48.32
824;62.71
825;84.86
826;80.09
827;84.85
828;60.03
829;58.99
830;60.06
831;63.3
832;63.37
833;66.56
834;100.94
835;89.3
836;67.51
837;60.2
838;54.22
839;52.26
840;46.22
841;45.57
842;44.01
843;42.24
844;41.2
845;41.5
846;43.74
847;74.59
848;170.55
849;200.02
850;197.22
851;180.22
852;69.66
853;64.48
854;64.6
855;64.92
856;64.23
857;67.47
858;89.22
859;72.08
860;58.87
861;51.1
862;49.89
863;48.49
864;43.58
865;40.68
866;39.96
867;39.27
868;38.65
869;38.92
870;39.91
871;40.77
872;41.87
873;42.92
874;50.02
875;55.65
876;53.16
877;50.11
878;48.31
879;46.63
880;46.79
881;48.04
882;62.13
883;58.34
884;47.91
885;42.46
886;41.49
887;40.71
888;39.63
889;40.01
890;38.59
891;37.92
892;36.97
893;37.24
894;38.42
895;38.13
896;38.7
897;40.54
898;41.43
899;41.71
900;41.79
901;41.7
902;41.4
903;40.82
904;40.94
905;42.06
906;44.76
907;45.65
908;44.08
909;41.74
910;41.56
911;40.76
912;38.83
913;40.06
914;39.42
915;39
916;39.25
917;40.52
918;44.65
919;46.15
920;67.15
921;82.34
922;80.01
923;69.91
924;65.02
925;62.2
926;58.84
927;50.08
928;56.32
929;56.41
930;75
931;69.9
932;63.14
933;55.56
934;49.83
935;47.93
936;45.02
937;46.68
938;46.5
939;46.47
940;46.05
941;46.4
942;47.97
943;58.16
944;83.58
945;109.87
946;87
947;81.95
948;75.51
949;71.61
950;70.26
951;70.37
952;71.82
953;72.77
954;109.91
955;114.34
956;74.8
957;68.78
958;58.01
959;55.67
960;50.09
961;51.5
962;49.55
963;48.35
964;47.5
965;47.68
966;49.2
967;60
968;80.05
969;94.6
970;98.62
971;93.68
972;88.32
973;79.99
974;75.91
975;74.96
976;76.19
977;80.18
978;94.15
979;109.86
980;88.09
981;73.26
982;64.19
983;58.65
984;53.14
985;55.64
986;53.13
987;51.66
988;50.04
989;50.02
990;57.41
991;72.64
992;170.38
993;238.7
994;197.77
995;128.94
996;95.68
997;82.5
998;74.99
999;81.3
1000;87.68
1001;111.6
1002;197.19
1003;155.4
1004;99.31
1005;76.16
1006;63.83
1007;59.1
1008;53.69
1009;48.07
1010;47.14
1011;47.02
1012;45.58
1013;44.68
1014;45.42
1015;45.72
1016;48.87
1017;60.02
1018;64.54
1019;62.67
1020;58.71
1021;50.06
1022;47.16
1023;47.07
1024;48.34
1025;54.79
1026;64.38
1027;72.96
1028;69
1029;58.49
1030;50.92
1031;49.24
1032;46.34
1033;48.07
1034;47.14
1035;47.02
1036;45.58
1037;44.68
1038;45.42
1039;45.72
1040;48.87
1041;60.02
1042;64.54
1043;62.67
1044;58.71
1045;50.06
1046;47.16
1047;47.07
1048;48.34
1049;54.79
1050;64.38
1051;72.96
1052;69
1053;58.49
1054;50.92
1055;49.24
1056;46.34
1057;45.72
1058;44.61
1059;43.6
1060;42.9
1061;42.37
1062;42.14
1063;42.53
1064;43.61
1065;45.97
1066;46.4
1067;46.13
1068;46.07
1069;45.13
1070;43.59
1071;42.52
1072;43.84
1073;46.11
1074;56.39
1075;63.56
1076;58.5
1077;49.53
1078;46.26
1079;45.74
1080;42.8
1081;39.15
1082;38.62
1083;37.98
1084;37.49
1085;39.05
1086;43.91
1087;49.69
1088;99.95
1089;197.97
1090;110.86
1091;91.52
1092;69.73
1093;59.32
1094;56.44
1095;50.28
1096;49.14
1097;51.02
1098;73.49
1099;69.72
1100;62.4
1101;55.66
1102;48.2
1103;50.01
1104;46.11
1105;45.18
1106;44.28
1107;43.52
1108;42.22
1109;42.35
1110;44.97
1111;51.68
1112;71.1
1113;79.05
1114;79.91
1115;79.95
1116;75.03
1117;73.57
1118;65.06
1119;75.03
1120;73.09
1121;75.98
1122;83.91
1123;79.96
1124;56.63
1125;48.86
1126;48.24
1127;47.38
1128;43.05
1129;42.01
1130;41.36
1131;40
1132;37.4
1133;38.04
1134;38.69
1135;40.61
1136;52.12
1137;60.08
1138;61.19
1139;56.39
1140;51.8
1141;47.6
1142;45.71
1143;46.44
1144;47.34
1145;53.8
1146;62.5
1147;73.02
1148;65.73
1149;57.6
1150;48.37
1151;47.58
1152;44.99
1153;42.26
1154;41.01
1155;39.1
1156;38.77
1157;37.78
1158;40.05
1159;45.96
1160;60.16
1161;61.9
1162;59.15
1163;50.96
1164;48.46
1165;45.38
1166;43.63
1167;43.61
1168;42.64
1169;43.49
1170;47.6
1171;54
1172;48.38
1173;42
1174;39.42
1175;37.59
1176;36.41
1177;37.1
1178;37.02
1179;36.94
1180;36.63
1181;37.6
1182;38.96
1183;43.63
1184;55.94
1185;60.39
1186;58
1187;52.7
1188;47.62
1189;46.18
1190;43.4
1191;43.59
1192;49.92
1193;56.84
1194;60.99
1195;62.53
1196;57.97
1197;49.04
1198;45.8
1199;43.86
1200;41.13
1201;39.51
1202;37.66
1203;36.35
1204;36.06
1205;36.07
1206;34.14
1207;36.13
1208;37.01
1209;38.95
1210;38.13
1211;36.27
1212;36.08
1213;35.47
1214;34.91
1215;34.65
1216;34.45
1217;36.94
1218;40.01
1219;41.27
1220;39.84
1221;36.28
1222;33.29
1223;32.87
1224;31.48
1225;29.94
1226;29.48
1227;28.73
1228;28.67
1229;29
1230;29.76
1231;29.91
1232;30.04
1233;32.13
1234;34.58
1235;33.42
1236;33.17
1237;33.66
1238;33.61
1239;34.27
1240;35.95
1241;40.12
1242;42.46
1243;44.57
1244;43.54
1245;42.28
1246;40.94
1247;40.99
1248;39.46
1249;38.88
1250;38.19
1251;36.99
1252;36.86
1253;37.22
1254;39.29
1255;49.49
1256;57.85
1257;58.99
1258;55.04
1259;46.88
1260;45.52
1261;44.52
1262;43.59
1263;44.75
1264;47.97
1265;47.11
1266;61.85
1267;60.02
1268;44.37
1269;41.52
1270;41.01
1271;39.98
1272;37.56
1273;36.2
1274;35.33
1275;35.09
1276;36.14
1277;36.53
1278;37.93
1279;39.79
1280;41.88
1281;42.91
1282;41.87
1283;41.21
1284;40
1285;39.18
1286;38.9
1287;39
1288;39.74
1289;44.82
1290;59.45
1291;58.37
1292;52.16
1293;43.05
1294;40.37
1295;37.79
1296;34.37
1297;29.86
1298;26.81
1299;24.17
1300;22.48
1301;25.23
1302;27.39
1303;31.81
1304;36.07
1305;36.74
1306;36.01
1307;35.68
1308;34.29
1309;32.63
1310;33.02
1311;33.84
1312;34.21
1313;35.54
1314;37.52
1315;37.16
1316;35.47
1317;33.44
1318;32.56
1319;30.09
1320;27.95
1321;24.83
1322;23.91
1323;23.7
1324;24.14
1325;25.54
1326;27.76
1327;31.51
1328;35.44
1329;37.22
1330;36.3
1331;35.94
1332;34.87
1333;34.2
1334;34.45
1335;34.09
1336;33.9
1337;34.26
1338;37.91
1339;37.95
1340;35.48
1341;33.63
1342;31.91
1343;28.11
1344;25.62
1345;24.04
1346;22.21
1347;21.23
1348;21.86
1349;24.48
1350;27.5
1351;32.19
1352;36.62
1353;37.4
1354;36.28
1355;34.25
1356;31.58
1357;28.99
1358;26.88
1359;25.82
1360;26.3
1361;29.07
1362;34.06
1363;35.31
1364;32.75
1365;29.1
1366;25.77
1367;25.16
1368;24.36
1369;24.38
1370;24.1
1371;24.14
1372;24.38
1373;24.95
1374;25.27
1375;26.25
1376;35.4
1377;36.2
1378;38.03
1379;38.8
1380;37.89
1381;36.95
1382;35.84
1383;35.32
1384;35.78
1385;36.34
1386;37.29
1387;37.74
1388;36.45
1389;35.74
1390;35.22
1391;34.16
1392;24.68
1393;23.8
1394;23.23
1395;22.26
1396;21.59
1397;22.27
1398;22.88
1399;22.95
1400;23.55
1401;29.22
1402;35.58
1403;35.66
1404;35.1
1405;25.45
1406;23.85
1407;23.49
1408;23.62
1409;32.53
1410;36.61
1411;38.15
1412;37.56
1413;36.3
1414;36
1415;35.11
1416;24.22
1417;20.15
1418;19.34
1419;18.88
1420;20.19
1421;23.46
1422;36.63
1423;38.45
1424;41.39
1425;42.23
1426;41.72
1427;41.26
1428;39.81
1429;39.04
1430;38.75
1431;38.59
1432;38.28
1433;38.24
1434;39.1
1435;40.28
1436;38.52
1437;37.51
1438;36.42
1439;31.87
1440;23.97
1441;23.91
1442;23.54
1443;23.16
1444;24.38
1445;25.76
1446;38.71
1447;40.06
1448;48.01
1449;68.98
1450;56.91
1451;49.44
1452;43.29
1453;41.9
1454;41.24
1455;40.72
1456;39.97
1457;40.25
1458;41.96
1459;53.23
1460;41.98
1461;39.93
1462;39.54
1463;38.89
1464;37.36
1465;25.16
1466;25.06
1467;24.35
1468;24.84
1469;26.12
1470;39.11
1471;42.08
1472;49.9
1473;64.68
1474;56.15
1475;49.51
1476;44.72
1477;44.07
1478;41.52
1479;41.94
1480;42.28
1481;42.73
1482;44.28
1483;44.17
1484;41.92
1485;38.67
1486;37.61
1487;34.72
1488;25.6
1489;25.25
1490;25.3
1491;25.32
1492;25.47
1493;26.41
1494;37.79
1495;40.12
1496;52.08
1497;65.71
1498;64.93
1499;60.05
1500;56.45
1501;55
1502;53.98
1503;42.91
1504;41.75
1505;41.98
1506;56.09
1507;62.13
1508;42.15
1509;41.15
1510;40.74
1511;39.68
1512;37.51
1513;36.14
1514;28.4
1515;28.3
1516;33.93
1517;39.32
1518;40.69
1519;49.99
1520;66.45
1521;69.64
1522;65.18
1523;60.14
1524;57.64
1525;55.01
1526;47.13
1527;44.24
1528;45.8
1529;51.99
1530;58.91
1531;62.18
1532;48.51
1533;41.6
1534;40.65
1535;39.94
1536;38.28
1537;24.85
1538;24.01
1539;21.46
1540;20.9
1541;20.93
1542;20.98
1543;20.98
1544;20.98
1545;23.9
1546;24.39
1547;24.05
1548;22.11
1549;22.61
1550;20.8
1551;19.31
1552;19.59
1553;21.77
1554;25.11
1555;24.85
1556;24.13
1557;22.13
1558;20.77
1559;20.92
1560;19.55
1561;16.91
1562;16.48
1563;16.21
1564;16.7
1565;17.85
1566;20
1567;20.35
1568;20.91
1569;23.47
1570;24.23
1571;24.26
1572;24.16
1573;24.03
1574;23.95
1575;24.15
1576;24.54
1577;25.47
1578;40.77
1579;42.88
1580;43.64
1581;41.95
1582;41.43
1583;39.09
1584;34.02
1585;27.25
1586;27.39
1587;27.62
1588;30.08
1589;40.53
1590;43.47
1591;62.07
1592;79.27
1593;86.66
1594;69.57
1595;59.34
1596;57.73
1597;55.77
1598;54.48
1599;52.47
1600;55.1
1601;58.64
1602;70
1603;97.95
1604;100.29
1605;56.72
1606;50.06
1607;42.59
1608;35.57
1609;31.91
1610;28.62
1611;28.45
1612;28.46
1613;29.69
1614;42.03
1615;54.91
1616;73.4
1617;81.35
1618;72.55
1619;63.02
1620;59.7
1621;57.94
1622;56.47
1623;56.49
1624;55.61
1625;57.05
1626;65
1627;92.37
1628;80.72
1629;53.24
1630;47.38
1631;41.95
1632;39.95
1633;40.39
1634;39.98
1635;39.92
1636;39.96
1637;40.34
1638;40.99
1639;60.35
1640;92.73
1641;149.98
1642;99.67
1643;71.09
1644;72.86
1645;69.99
1646;47.11
1647;46.89
1648;47.1
1649;49.03
1650;56.52
1651;70.03
1652;48.08
1653;39.83
1654;39.33
1655;35.49
1656;24.37
1657;18.07
1658;15.47
1659;13.95
1660;14.53
1661;16.92
1662;19.86
1663;24.37
1664;36.99
1665;37.63
1666;37.47
1667;35.84
1668;35.76
1669;36.97
1670;30.27
1671;26.21
1672;30.77
1673;34.09
1674;38.03
1675;39.04
1676;35.92
1677;26.3
1678;24.64
1679;22.58
1680;16.63
1681;17.61
1682;16.19
1683;16.02
1684;16.37
1685;22.02
1686;25.56
1687;28.67
1688;39.18
1689;37.1
1690;28.79
1691;28.79
1692;28.5
1693;27.99
1694;27.46
1695;27.03
1696;26.91
1697;28.21
1698;39.94
1699;41.57
1700;42
1701;31.92
1702;28.72
1703;28.9
1704;27.87
1705;26.43
1706;25.19
1707;25.12
1708;25.16
1709;25.53
1710;26.29
1711;25.72
1712;26.57
1713;28.41
1714;28.96
1715;28.99
1716;28.72
1717;28.43
1718;28.14
1719;27.49
1720;27.51
1721;28.5
1722;37.06
1723;40.23
1724;41.61
1725;29.61
1726;28.32
1727;27.43
1728;26.08
1729;28.08
1730;28.01
1731;27.7
1732;27.07
1733;27.66
1734;28.05
1735;25.85
1736;26.64
1737;28.3
1738;28.95
1739;29.07
1740;28.97
1741;28.69
1742;28.16
1743;28.08
1744;28.55
1745;29.2
1746;34.96
1747;43.88
1748;44.38
1749;43.72
1750;42.49
1751;41.87
1752;36.71
1753;32.96
1754;32.19
1755;32.03
1756;32.08
1757;32.6
1758;41.34
1759;45.33
1760;62.47
1761;64.89
1762;61.55
1763;55.05
1764;50.42
1765;47.98
1766;43.17
1767;40.77
1768;40.5
1769;42.61
1770;50.6
1771;63.49
1772;65.7
1773;44.82
1774;43.6
1775;42.69
1776;33.01
1777;32.28
1778;31.69
1779;31.31
1780;31.52
1781;38.99
1782;41.8
1783;44.4
1784;66.29
1785;68.92
1786;62.49
1787;59.93
1788;46.49
1789;44.66
1790;44.18
1791;43.82
1792;43.97
1793;45.46
1794;65.96
1795;70.7
1796;51.05
1797;47.1
1798;44.05
1799;43.02
1800;35.62
1801;31.91
1802;33.88
1803;33.68
1804;34.05
1805;38
1806;42.78
1807;49.34
1808;63.21
1809;64
1810;62.55
1811;57.51
1812;59.57
1813;54.82
1814;50.09
1815;48.75
1816;48.5
1817;53.69
1818;66.2
1819;77.79
1820;58.32
1821;44.4
1822;43.42
1823;42.16
1824;39.31
1825;30.1
1826;30.53
1827;30.22
1828;30.51
1829;38.98
1830;41.64
1831;43.69
1832;73.09
1833;78.34
1834;73.34
1835;69.51
1836;68
1837;52.72
1838;44.06
1839;43.29
1840;42.86
1841;43.51
1842;51.1
1843;86.86
1844;44.93
1845;43.12
1846;42.31
1847;41.29
1848;33.17
1849;32.4
1850;30.96
1851;31.94
1852;36.66
1853;41.13
1854;52.1
1855;67.02
1856;71.55
1857;71.53
1858;65.67
1859;51.66
1860;45.31
1861;44.53
1862;43.5
1863;43.16
1864;43.53
1865;47.67
1866;56.95
1867;70.43
1868;72.99
1869;66.4
1870;42.92
1871;41.64
1872;27.9
1873;21.7
1874;20.44
1875;19.74
1876;19.77
1877;20.69
1878;22.59
1879;22.13
1880;22.55
1881;23.69
1882;29.14
1883;27.09
1884;24.25
1885;23.33
1886;22.55
1887;21.45
1888;20.96
1889;20.61
1890;23.7
1891;37.09
1892;28.97
1893;23.32
1894;21.64
1895;17.75
1896;16.1
1897;16.67
1898;14.8
1899;13.98
1900;14.91
1901;15.68
1902;15.99
1903;13.47
1904;15.55
1905;19.31
1906;18.95
1907;18.58
1908;18.06
1909;16.57
1910;15.71
1911;14.55
1912;14.76
1913;18.11
1914;23.5
1915;39.67
1916;40.51
1917;31.98
1918;23.93
1919;23.58
1920;23.06
1921;22.32
1922;22.27
1923;22.94
1924;23.05
1925;24.11
1926;40.29
1927;43.03
1928;71.25
1929;73.24
1930;45.53
1931;44.32
1932;43.05
1933;42.67
1934;42.03
1935;41.73
1936;41.87
1937;42.46
1938;43.03
1939;73.69
1940;47.53
1941;41.65
1942;41.6
1943;40.06
1944;28.4
1945;22.3
1946;21.91
1947;21.19
1948;21.78
1949;33.83
1950;40.47
1951;42.14
1952;52.29
1953;73.7
1954;44.84
1955;43.49
1956;42.1
1957;41.67
1958;41.18
1959;40.85
1960;40.78
1961;40.52
1962;40.89
1963;41.65
1964;40.39
1965;22.38
1966;22.19
1967;22.03
1968;20.92
1969;16.51
1970;16.65
1971;17.4
1972;19.09
1973;20.91
1974;22.19
1975;40.06
1976;42.36
1977;43.6
1978;42.58
1979;43.1
1980;40.89
1981;40.08
1982;39.82
1983;39.39
1984;39.87
1985;39.86
1986;40.76
1987;41.35
1988;41.08
1989;36.05
1990;25.93
1991;22.8
1992;22.36
1993;22.09
1994;21.75
1995;21.71
1996;21.75
1997;22.56
1998;27.46
1999;39.92
2000;62.92
2001;63.41
2002;43.35
2003;39.59
2004;37.65
2005;36.01
2006;34.73
2007;36.2
2008;37.64
2009;38.65
2010;39.37
2011;39.55
2012;38.53
2013;21.45
2014;20.13
2015;18.13
2016;16.42
2017;17.47
2018;16.97
2019;16.63
2020;17.14
2021;17.88
2022;18.37
2023;19.09
2024;19.94
2025;19.88
2026;18.61
2027;16.81
2028;16.37
2029;16.38
2030;15.69
2031;15.9
2032;16.71
2033;19.95
2034;22.31
2035;22.19
2036;21.83
2037;20.68
2038;20.07
2039;19.02
2040;18
2041;18.22
2042;18.68
2043;18.68
2044;18.39
2045;19.74
2046;20.04
2047;20.29
2048;20.7
2049;21.89
2050;22.3
2051;20.71
2052;17.09
2053;18.37
2054;17.76
2055;16.92
2056;16.23
2057;15.68
2058;18.04
2059;21.82
2060;22.55
2061;22.06
2062;21.76
2063;20.54
2064;18.58
2065;18.59
2066;18.29
2067;18.71
2068;19.24
2069;20.3
2070;21.7
2071;26.88
2072;38.48
2073;39.26
2074;38.92
2075;36.58
2076;28.58
2077;21.79
2078;18.45
2079;17.13
2080;18.61
2081;20.44
2082;22.06
2083;21.9
2084;23.39
2085;21.13
2086;19.69
2087;17.92
2088;15.92
2089;13.21
2090;12.32
2091;11.36
2092;11.38
2093;11.66
2094;15.54
2095;18.95
2096;39.64
2097;41.58
2098;41.59
2099;41.45
2100;40.55
2101;38.77
2102;37.38
2103;32.28
2104;27.36
2105;26.03
2106;30.86
2107;36.4
2108;38.96
2109;21.73
2110;20.34
2111;19.45
2112;18.21
2113;17.17
2114;16.32
2115;16.06
2116;16.59
2117;18.28
2118;19.68
2119;39.19
2120;41.17
2121;42.43
2122;41.63
2123;41.76
2124;41.64
2125;41.3
2126;40.66
2127;41.13
2128;40.89
2129;40.72
2130;41.1
2131;41.29
2132;41.2
2133;39.63
2134;38.04
2135;23.6
2136;19.02
2137;18.52
2138;17.94
2139;16.83
2140;16.91
2141;18.34
2142;26.91
2143;40.53
2144;41.35
2145;42.32
2146;42.67
2147;42.44
2148;41.3
2149;39.76
2150;37.91
2151;35.39
2152;37.44
2153;39.71
2154;39.73
2155;39.91
2156;40.14
2157;39.77
2158;25.21
2159;19.21
2160;17.61
2161;17.57
2162;17.35
2163;16.96
2164;17.2
2165;17.53
2166;17.82
2167;17.98
2168;18.41
2169;37.98
2170;37.42
2171;35.77
2172;18.42
2173;18.09
2174;10.23
2175;5.39
2176;4.93
2177;9.65
2178;16.65
2179;18.61
2180;18.72
2181;18.86
2182;18.56
2183;18.17
2184;17.58
2185;17.78
2186;17.61
2187;17.14
2188;17.52
2189;17.94
2190;18.01
2191;18.38
2192;19.35
2193;20.01
2194;20.71
2195;24.18
2196;24.24
2197;20.91
2198;19.73
2199;16.79
2200;13.55
2201;17.96
2202;18.59
2203;24.93
2204;31.96
2205;25.23
2206;18.91
2207;17.54
2208;16.02
2209;14.41
2210;13.68
2211;12.47
2212;11.4
2213;11.45
2214;11.97
2215;11.18
2216;13.56
2217;15.71
2218;17.05
2219;17.11
2220;15.38
2221;13.36
2222;6.01
2223;2.02
2224;0.1
2225;1.18
2226;7.01
2227;11.95
2228;13.06
2229;11.66
2230;10.53
2231;5.44
2232;3.24
2233;0.05
2234;-0.47
2235;-1.41
2236;-0.47
2237;-0.46
2238;-0.08
2239;0.09
2240;2.91
2241;4.07
2242;9.14
2243;9.66
2244;10.06
2245;9.21
2246;8.75
2247;5.05
2248;4.1
2249;4.44
2250;5.65
2251;9.43
2252;18.66
2253;24.11
2254;19.48
2255;18.03
2256;10.47
2257;14.7
2258;13.9
2259;12.37
2260;14.19
2261;15.64
2262;19.68
2263;41.22
2264;44.01
2265;53.92
2266;39.85
2267;33.94
2268;28.67
2269;20.88
2270;18.1
2271;17.71
2272;17.61
2273;20.26
2274;38.73
2275;41.89
2276;43.1
2277;41.52
2278;40.22
2279;38.23
2280;25.64
2281;17.49
2282;16.93
2283;16.85
2284;16.98
2285;17.31
2286;33.5
2287;57.34
2288;77.88
2289;82.47
2290;65.12
2291;54.6
2292;51.07
2293;41.3
2294;40.68
2295;39.97
2296;39.83
2297;39.93
2298;40.25
2299;46.4
2300;55.5
2301;48.11
2302;42.14
2303;40.93
2304;37.82
2305;38.6
2306;37.08
2307;36.85
2308;38.97
2309;38.94
2310;40.31
2311;59.49
2312;79.86
2313;99.26
2314;66.49
2315;59.71
2316;58.53
2317;54.24
2318;41.17
2319;39.99
2320;38.87
2321;38.09
2322;39.97
2323;40.08
2324;40.36
2325;39.38
2326;37.02
2327;20.47
2328;18.27
2329;17.71
2330;15.29
2331;14.46
2332;14.32
2333;14.68
2334;17.01
2335;19.42
2336;24.95
2337;36.71
2338;30.18
2339;22.56
2340;20.23
2341;19.34
2342;18.54
2343;16.46
2344;15.64
2345;16.51
2346;18.44
2347;20.03
2348;26.75
2349;20.68
2350;20.36
2351;18.41
2352;16.71
2353;18.48
2354;18.26
2355;17.93
2356;18.43
2357;19.15
2358;18.39
2359;18.79
2360;19.32
2361;20.65
2362;20.96
2363;21.27
2364;20.99
2365;20.78
2366;20.5
2367;19.11
2368;18.88
2369;19.99
2370;20.91
2371;21.89
2372;21.41
2373;20.92
2374;20.86
2375;20.34
2376;18.91
2377;21.96
2378;22.01
2379;21.94
2380;22.01
2381;22.06
2382;21.43
2383;21.23
2384;21.26
2385;26.97
2386;31.2
2387;29.99
2388;28.96
2389;26.92
2390;22.07
2391;21.78
2392;22.59
2393;23.07
2394;24.9
2395;34.58
2396;39.22
2397;39.08
2398;37.23
2399;31.1
2400;22.6
2401;20.82
2402;20.69
2403;20.54
2404;20.61
2405;20.76
2406;23.22
2407;41.62
2408;47.65
2409;54.83
2410;61.37
2411;48.67
2412;46.58
2413;44.11
2414;41.6
2415;39.09
2416;38.94
2417;40.71
2418;43.41
2419;45.57
2420;47.75
2421;45.59
2422;45.45
2423;37.67
2424;21.34
2425;21.8
2426;21.7
2427;21.66
2428;21.92
2429;22.28
2430;35.48
2431;44.45
2432;48.91
2433;75.12
2434;51.47
2435;45.77
2436;45.4
2437;42.9
2438;41.47
2439;40.07
2440;40.5
2441;41.78
2442;43.89
2443;45.09
2444;58.03
2445;47.66
2446;47.54
2447;45.32
2448;30.04
2449;24.46
2450;23.62
2451;23.01
2452;27.8
2453;44.03
2454;49.22
2455;76.32
2456;118.52
2457;125
2458;75.54
2459;62.62
2460;62.08
2461;58.29
2462;54.52
2463;46.82
2464;47.15
2465;50.78
2466;60.02
2467;67.95
2468;71.34
2469;50.91
2470;49.94
2471;49.93
2472;38.34
2473;29.59
2474;25.51
2475;25.34
2476;25.99
2477;29.15
2478;40.06
2479;70.57
2480;101.79
2481;115.17
2482;75.29
2483;65.93
2484;62.56
2485;54.09
2486;48.61
2487;45.49
2488;45.23
2489;46.8
2490;51
2491;61.06
2492;75.33
2493;68.91
2494;55.85
2495;46.24
2496;26.26
2497;26.92
2498;26.38
2499;26
2500;26.54
2501;27.1
2502;31.74
2503;57.17
2504;83.34
2505;93.79
2506;64
2507;49.94
2508;48.88
2509;47.89
2510;47.41
2511;41.81
2512;40.05
2513;42.01
2514;45.88
2515;46.74
2516;46.5
2517;42.08
2518;27.65
2519;26.97
2520;26.85
2521;28.28
2522;26.98
2523;25.9
2524;26.34
2525;26.9
2526;26.71
2527;25.39
2528;26.85
2529;26.51
2530;27.08
2531;27.4
2532;26.3
2533;25.07
2534;24.88
2535;24.71
2536;24.76
2537;25.02
2538;26.16
2539;27.25
2540;27.61
2541;27.19
2542;27.01
2543;26.81
2544;25.21
2545;24.82
2546;24.42
2547;24.11
2548;24.19
2549;24.31
2550;24.43
2551;24.5
2552;24.69
2553;24.94
2554;25.82
2555;25.95
2556;24.98
2557;24.93
2558;24.7
2559;24.59
2560;24.47
2561;24.82
2562;25.76
2563;26.94
2564;26.49
2565;26.1
2566;25.58
2567;24.82
2568;23.75
2569;21.86
2570;22.06
2571;21.97
2572;22.5
2573;23.33
2574;26.99
2575;46.54
2576;49.95
2577;53.78
2578;51.05
2579;51.1
2580;47.89
2581;46.95
2582;46.2
2583;46.05
2584;46.14
2585;46.06
2586;46.64
2587;46.81
2588;46.76
2589;46.59
2590;29.45
2591;24.41
2592;22.85
2593;23.66
2594;23.49
2595;23.41
2596;23.79
2597;24.4
2598;24.75
2599;26.5
2600;46.48
2601;48.54
2602;46.56
2603;32.94
2604;29.54
2605;28.06
2606;26.18
2607;25.07
2608;24.75
2609;24.24
2610;24.34
2611;24.87
2612;24.64
2613;24.52
2614;23.08
2615;17.63
2616;15.43
2617;17.19
2618;17.79
2619;17.72
2620;20.27
2621;23.12
2622;24.85
2623;27.02
2624;29.31
2625;41.3
2626;32.71
2627;29.69
2628;28.95
2629;28
2630;27.31
2631;26.53
2632;25.98
2633;24.92
2634;24.68
2635;25.04
2636;25.2
2637;25.42
2638;24.4
2639;17.49
2640;13.61
2641;10.5
2642;8.72
2643;8.78
2644;9.67
2645;10.33
2646;12.83
2647;15.04
2648;17.94
2649;22.52
2650;22.53
2651;22.5
2652;22.4
2653;17.67
2654;14.44
2655;14.76
2656;14.91
2657;17.93
2658;23.98
2659;42.04
2660;44.29
2661;44.05
2662;40.91
2663;31.47
2664;22.07
2665;16.7
2666;16.31
2667;16.12
2668;16.12
2669;16.53
2670;16.69
2671;27.7
2672;49.24
2673;53.3
2674;48.63
2675;32.55
2676;22.23
2677;22.12
2678;18.35
2679;17.18
2680;16.97
2681;17.01
2682;17.82
2683;22.01
2684;23.14
2685;17.81
2686;17.27
2687;17.04
2688;16.27
2689;15.12
2690;15.61
2691;16.06
2692;15.75
2693;15.91
2694;13.88
2695;16.63
2696;16.62
2697;16.94
2698;17.55
2699;17.9
2700;17.56
2701;17.1
2702;16.77
2703;15.22
2704;14.94
2705;14.86
2706;17.85
2707;24.05
2708;24.41
2709;24.45
2710;24.43
2711;23.66
2712;16.46
2713;17.58
2714;15.53
2715;13.62
2716;13.28
2717;13.96
2718;14.74
2719;16.09
2720;16.72
2721;19.44
2722;19.88
2723;17.8
2724;15.5
2725;15.05
2726;1.89
2727;0.06
2728;0.64
2729;3.99
2730;18.74
2731;24.27
2732;27.34
2733;31.17
2734;27.48
2735;26.23
2736;23.36
2737;23.16
2738;22.94
2739;22.68
2740;23
2741;23.33
2742;27.16
2743;53.95
2744;79.33
2745;81.33
2746;71.93
2747;51.98
2748;51.07
2749;50.12
2750;48.99
2751;48.34
2752;49.14
2753;49.51
2754;52.49
2755;61.52
2756;76.59
2757;78.43
2758;67.79
2759;59.86
2760;45.65
2761;50.91
2762;47.73
2763;47.67
2764;47.17
2765;48.91
2766;51.5
2767;59.06
2768;80.37
2769;81.61
2770;61.75
2771;50.93
2772;49.98
2773;48.4
2774;46.41
2775;45.79
2776;47.22
2777;49.06
2778;51.95
2779;58.85
2780;58.33
2781;56.25
2782;57.72
2783;52.19
2784;48.11
2785;47.06
2786;46.39
2787;46.98
2788;47.83
2789;48.89
2790;52.15
2791;69.41
2792;81.48
2793;85.57
2794;69.99
2795;54.47
2796;51.49
2797;49.55
2798;49.45
2799;50.84
2800;54.3
2801;55.96
2802;63.61
2803;65.2
2804;73.68
2805;63.31
2806;60.66
2807;54.97
2808;48.99
2809;48.29
2810;47.66
2811;46.79
2812;47.65
2813;48.44
2814;49.23
2815;56
2816;77.99
2817;83.04
2818;70.01
2819;61.64
2820;57.1
2821;53.85
2822;48.88
2823;46.7
2824;45.41
2825;46.74
2826;48.27
2827;50.7
2828;50.85
2829;49.37
2830;49.33
2831;46.75
2832;37.22
2833;35.16
2834;35.03
2835;34.6
2836;35.11
2837;36.08
2838;41.86
2839;58.53
2840;78.74
2841;82.29
2842;76.02
2843;70.76
2844;67.1
2845;50.97
2846;49.94
2847;50.12
2848;48.98
2849;51.37
2850;52.7
2851;52.54
2852;51.69
2853;49.83
2854;44.81
2855;44.11
2856;37.34
2857;43.79
2858;43.24
2859;42.45
2860;42.73
2861;42.78
2862;43.46
2863;44.19
2864;45.4
2865;46.91
2866;49.22
2867;48.88
2868;47.32
2869;45.73
2870;45.74
2871;45.44
2872;44.44
2873;45.97
2874;48.85
2875;51.1
2876;51.6
2877;51.03
2878;52.59
2879;49.15
2880;45.31
2881;46.3
2882;45.2
2883;45.02
2884;46.39
2885;46.9
2886;47.77
2887;47.05
2888;47.96
2889;49.29
2890;47.95
2891;46.31
2892;46.13
2893;43.91
2894;35.2
2895;33.07
2896;33.46
2897;36.06
2898;41.99
2899;46.52
2900;50.6
2901;51.57
2902;53.99
2903;55.48
2904;51.36
2905;52.63
2906;50.99
2907;49.95
2908;50.16
2909;50.1
2910;54.87
2911;67.74
2912;84.35
2913;87.93
2914;67.32
2915;60.98
2916;57.12
2917;52.99
2918;49.97
2919;50.83
2920;50.09
2921;49.88
2922;54.84
2923;62.43
2924;79.68
2925;79.71
2926;75.98
2927;66.45
2928;50.38
2929;46.35
2930;38.92
2931;35.02
2932;34.99
2933;32.95
2934;38.06
2935;44.71
2936;50.32
2937;50.59
2938;47.99
2939;46.29
2940;44.6
2941;43.23
2942;35.15
2943;30.28
2944;28.34
2945;28.09
2946;34.44
2947;45.01
2948;47.2
2949;48.69
2950;45.28
2951;38.4
2952;28.16
2953;24.2
2954;22.37
2955;22.05
2956;24.69
2957;28.76
2958;32.06
2959;50.21
2960;61.05
2961;63.42
2962;50.93
2963;46.29
2964;39.17
2965;38.5
2966;39.53
2967;38.01
2968;36.45
2969;36.38
2970;43.86
2971;49.67
2972;56.74
2973;57.45
2974;57.01
2975;46.29
2976;38.28
2977;39.64
2978;38.98
2979;36.81
2980;37.47
2981;37.24
2982;45.28
2983;60.08
2984;70.7
2985;66.9
2986;54.86
2987;54.93
2988;55.08
2989;60.11
2990;59.01
2991;58.14
2992;61.03
2993;62.88
2994;70.18
2995;76.68
2996;85.26
2997;79.91
2998;79.77
2999;76.91
3000;62.64
3001;59.5
3002;57.83
3003;56.01
3004;57.14
3005;58.03
3006;66.85
3007;77.68
3008;88.88
3009;100.06
3010;84.16
3011;78.75
3012;76.98
3013;68.94
3014;61.75
3015;53.84
3016;52.22
3017;53.06
3018;55.43
3019;61.28
3020;74.72
3021;59.63
3022;58.31
3023;57.99
3024;53.86
3025;54.42
3026;49.69
3027;48.42
3028;49.92
3029;48.91
3030;52.55
3031;51.61
3032;54.27
3033;55.18
3034;51.95
3035;45.95
3036;41.32
3037;37
3038;28.64
3039;25.73
3040;25.77
3041;33.92
3042;50.06
3043;53.52
3044;58.63
3045;61.53
3046;58.63
3047;53.53
3048;46.83
3049;37.21
3050;19.88
3051;15.76
3052;15.9
3053;15.72
3054;16.19
3055;17.15
3056;16.42
3057;20.25
3058;21.63
3059;20.04
3060;19.93
3061;21.7
3062;21.73
3063;21
3064;21.26
3065;21.61
3066;21.96
3067;37.1
3068;49.48
3069;49.38
3070;48.88
3071;42.09
3072;30.34
3073;25.08
3074;26.3
3075;26.42
3076;27.86
3077;27.36
3078;36.11
3079;51.49
3080;56.02
3081;57.78
3082;54.61
3083;52.14
3084;51.47
3085;50.93
3086;48.09
3087;48.74
3088;51.54
3089;51.91
3090;52.69
3091;53.18
3092;52.09
3093;42.86
3094;36.44
3095;28.9
3096;25.01
3097;20.43
3098;19.56
3099;17.92
3100;17.51
3101;19.08
3102;22.21
3103;50.05
3104;55.55
3105;56.98
3106;55.74
3107;55.51
3108;55.14
3109;55.59
3110;55.04
3111;52.65
3112;47.55
3113;44.6
3114;50.01
3115;55.2
3116;55.06
3117;41.11
3118;34.67
3119;28.43
3120;23.65
3121;22.34
3122;22
3123;21.8
3124;21.76
3125;22.38
3126;28.47
3127;52.06
3128;54.8
3129;55.96
3130;55.69
3131;55.04
3132;55.21
3133;54.86
3134;54.54
3135;44.07
3136;39.2
3137;36.71
3138;52.92
3139;54.78
3140;55.27
3141;53.72
3142;35.1
3143;26.37
3144;22.95
3145;21.43
3146;20.42
3147;20.18
3148;20.5
3149;20.54
3150;21.76
3151;31.02
3152;43.59
3153;51.35
3154;52.74
3155;52.41
3156;51.95
3157;51.65
3158;50.13
3159;31.44
3160;30.09
3161;30.74
3162;35.04
3163;51.22
3164;51.27
3165;31.94
3166;30.85
3167;24.05
3168;21.37
3169;21.63
3170;21.96
3171;21.49
3172;21.33
3173;21.36
3174;23.44
3175;50.67
3176;52.95
3177;53.8
3178;53.85
3179;53.4
3180;53.17
3181;52.55
3182;52.06
3183;50.66
3184;31.55
3185;30.68
3186;50.75
3187;52
3188;51.65
3189;29.74
3190;27.01
3191;22.99
3192;21.06
3193;21.52
3194;20.09
3195;14
3196;11.98
3197;10
3198;10.05
3199;13.82
3200;20.69
3201;22.12
3202;24.03
3203;24.71
3204;24.6
3205;24.44
3206;24.04
3207;23.36
3208;23.43
3209;24.69
3210;27.49
3211;28.15
3212;27.51
3213;26.31
3214;26.15
3215;23.71
3216;21.77
3217;20.77
3218;20.61
3219;21.83
3220;21.96
3221;21.89
3222;22.01
3223;20.91
3224;21.98
3225;23.57
3226;27
3227;24.22
3228;28.5
3229;23.59
3230;15.34
3231;13.48
3232;20.42
3233;22.93
3234;45.43
3235;50.53
3236;52.43
3237;53.13
3238;53.29
3239;52.66
3240;33.01
3241;23.56
3242;23.45
3243;23.67
3244;24.27
3245;25.36
3246;35.55
3247;53.33
3248;54.89
3249;99.08
3250;86.66
3251;82
3252;81.86
3253;78.02
3254;72
3255;55.08
3256;54.17
3257;54.04
3258;54.2
3259;54.64
3260;54.48
3261;51.97
3262;52
3263;51.29
3264;26.81
3265;23.09
3266;22.45
3267;22.31
3268;22.62
3269;22.93
3270;43.14
3271;54.96
3272;57.83
3273;61.69
3274;59.7
3275;58.53
3276;57.89
3277;57.41
3278;56.63
3279;55.96
3280;55.44
3281;55.53
3282;57.5
3283;57.46
3284;57.01
3285;56.27
3286;56.16
3287;55.11
3288;33.31
3289;44.49
3290;42.96
3291;40.49
3292;31.43
3293;31.96
3294;51.64
3295;55.52
3296;78.99
3297;88.18
3298;87.18
3299;82.62
3300;81.96
3301;75.9
3302;70.08
3303;55.8
3304;54.62
3305;54.41
3306;53.85
3307;55.28
3308;54.92
3309;53.33
3310;52.91
3311;49.72
3312;24.3
3313;19.06
3314;13.15
3315;10.72
3316;11.29
3317;13.94
3318;21.66
3319;52.95
3320;55.51
3321;57.42
3322;55.31
3323;58.33
3324;54.86
3325;54.84
3326;54.56
3327;51.84
3328;51.18
3329;51.78
3330;53.01
3331;54.62
3332;54.95
3333;53.48
3334;52.98
3335;48.13
3336;24.71
3337;20.51
3338;20.15
3339;13.95
3340;7.83
3341;7.06
3342;20.49
3343;49.92
3344;58.43
3345;62.81
3346;51.73
3347;39.78
3348;25.34
3349;22.1
3350;20.31
3351;17.42
3352;6.83
3353;12.51
3354;21.12
3355;45.53
3356;50.54
3357;49.95
3358;42.97
3359;23.32
3360;20.7
3361;20.04
3362;4.05
3363;0.9
3364;0.23
3365;0.04
3366;0.03
3367;0.18
3368;0.58
3369;1
3370;3.98
3371;12.92
3372;21.08
3373;19.72
3374;17.83
3375;10.65
3376;9.9
3377;17.19
3378;22.36
3379;19.09
3380;39.97
3381;45.72
3382;48.8
3383;47.44
3384;26.61
3385;23.24
3386;15.47
3387;16.82
3388;7.35
3389;10.31
3390;5.08
3391;5.03
3392;14.96
3393;13.16
3394;13.74
3395;6.58
3396;4.99
3397;4.99
3398;4.09
3399;3.46
3400;4.17
3401;15.12
3402;26.13
3403;41.17
3404;51.87
3405;52.75
3406;55.72
3407;58.71
3408;43.92
3409;30.45
3410;25.02
3411;20.22
3412;15.65
3413;11.97
3414;17.03
3415;24.34
3416;42.87
3417;49.38
3418;48.97
3419;52.81
3420;47.82
3421;47.46
3422;44.5
3423;35.76
3424;38.58
3425;43
3426;51.44
3427;72.11
3428;67.27
3429;70.71
3430;62.92
3431;60.54
3432;52
3433;50.95
3434;47.32
3435;44.72
3436;40.93
3437;40.03
3438;47.37
3439;55.38
3440;81.98
3441;84.65
3442;76.79
3443;66
3444;58.61
3445;52.59
3446;48.24
3447;43.08
3448;41.29
3449;43.29
3450;49.6
3451;52.71
3452;52.61
3453;51.58
3454;51.07
3455;49.41
3456;40.03
3457;22.62
3458;21.26
3459;20.51
3460;20.25
3461;20.69
3462;32.77
3463;50.6
3464;52.88
3465;83.56
3466;73.57
3467;68.87
3468;70.78
3469;61.02
3470;52.93
3471;52.14
3472;51.85
3473;51.06
3474;52.35
3475;52.78
3476;52.48
3477;50.72
3478;50.33
3479;49.4
3480;22.76
3481;22.6
3482;21.62
3483;21.12
3484;21.35
3485;21.47
3486;28.93
3487;48.93
3488;52.73
3489;84.19
3490;72.81
3491;79
3492;73.32
3493;69.47
3494;65.32
3495;52.5
3496;51.9
3497;51.63
3498;63.03
3499;79.96
3500;85.99
3501;52.63
3502;52.41
3503;51.82
3504;49.59
3505;48.49
3506;47.96
3507;47.48
3508;47.41
3509;32.17
3510;48.99
3511;52.96
3512;93.01
3513;92.42
3514;84.38
3515;80.09
3516;79.03
3517;73.29
3518;54.3
3519;52.57
3520;51.69
3521;50.97
3522;51.4
3523;52.36
3524;52.2
3525;51.95
3526;51.89
3527;50.87
3528;49.64
3529;31.04
3530;29.92
3531;29.31
3532;30.42
3533;31.96
3534;33.36
3535;48.98
3536;51.79
3537;52.09
3538;53.41
3539;51.96
3540;50.53
3541;47.19
3542;31.79
3543;22.47
3544;27.87
3545;30.1
3546;45.95
3547;51.52
3548;53.57
3549;52.7
3550;53.05
3551;51.99
3552;51.27
3553;31.54
3554;29.59
3555;29.09
3556;28.85
3557;28.79
3558;29.19
3559;29.75
3560;32.47
3561;35.01
3562;31.96
3563;21.16
3564;18.76
3565;17.76
3566;17.07
3567;15.2
3568;16.12
3569;21.34
3570;26.39
3571;45.5
3572;48.72
3573;50.39
3574;39.16
3575;28.5
3576;22.21
3577;21.78
3578;21.53
3579;21.54
3580;21.51
3581;21.81
3582;29.26
3583;49.86
3584;85.98
3585;86.73
3586;77.9
3587;64.94
3588;62.19
3589;59.1
3590;55.26
3591;54.05
3592;52.94
3593;52.21
3594;55.21
3595;57.66
3596;57.36
3597;55.2
3598;54.95
3599;53.2
3600;49.5
3601;29.42
3602;28.76
3603;29.06
3604;29.06
3605;30.39
3606;39.68
3607;48.29
3608;55.46
3609;57.05
3610;56.39
3611;56.14
3612;55.99
3613;55.2
3614;54.3
3615;53.63
3616;50.69
3617;49.88
3618;54.07
3619;51.96
3620;51.03
3621;49.67
3622;49.19
3623;46.86
3624;29.77
3625;33.67
3626;36.68
3627;35.97
3628;34.86
3629;38.51
3630;43.22
3631;47.73
3632;55.72
3633;56.5
3634;55.51
3635;55.18
3636;54.74
3637;53.94
3638;52.29
3639;52.16
3640;52.18
3641;50.04
3642;52.76
3643;52.56
3644;52.52
3645;52.26
3646;51.77
3647;48
3648;33.45
3649;35.04
3650;34.47
3651;32.81
3652;32.33
3653;36.77
3654;41.27
3655;47.07
3656;54.8
3657;57.25
3658;56.3
3659;52.63
3660;50.95
3661;50.44
3662;50.13
3663;51.97
3664;52.14
3665;50.4
3666;52.62
3667;52.81
3668;52.3
3669;50.57
3670;49.97
3671;47.78
3672;30.81
3673;30.04
3674;28.67
3675;29.93
3676;31.11
3677;34.48
3678;41.52
3679;48.19
3680;52.56
3681;57.53
3682;57.53
3683;57.37
3684;57.39
3685;57.48
3686;57.51
3687;54.18
3688;49.95
3689;49.27
3690;50.85
3691;50.71
3692;50.06
3693;49.82
3694;47.95
3695;47
3696;37.63
3697;40.01
3698;40.52
3699;39.77
3700;40.19
3701;40.52
3702;38.75
3703;40.29
3704;41.32
3705;42.33
3706;45.4
3707;47.14
3708;47.04
3709;42.26
3710;40.89
3711;40.08
3712;41.85
3713;42.54
3714;47.59
3715;49.24
3716;48.75
3717;42.97
3718;42.35
3719;41.29
3720;39.14
3721;40.65
3722;41.19
3723;40.47
3724;40.35
3725;39.44
3726;38.75
3727;39.46
3728;39.5
3729;40.48
3730;42.36
3731;42.73
3732;43.15
3733;40.63
3734;40.67
3735;40.79
3736;40.88
3737;41.06
3738;41.91
3739;44.81
3740;44.31
3741;41.11
3742;40.71
3743;40.25
3744;39.21
3745;40.38
3746;41.17
3747;40.62
3748;40.64
3749;41.53
3750;43.9
3751;49.61
3752;57.55
3753;73.98
3754;78.73
3755;78.2
3756;81
3757;70
3758;60.83
3759;60.72
3760;58.6
3761;57.16
3762;57.43
3763;57.41
3764;56.48
3765;49.9
3766;49.11
3767;48.05
3768;45.28
3769;46.47
3770;46.06
3771;45.55
3772;45.03
3773;45.83
3774;48.03
3775;51.46
3776;57.48
3777;59.98
3778;62.21
3779;64.43
3780;64.9
3781;59.9
3782;57.93
3783;58
3784;57.47
3785;57.43
3786;57.51
3787;57.4
3788;57.47
3789;54.45
3790;52
3791;50.04
3792;48.88
3793;50.63
3794;50.4
3795;50.3
3796;50.01
3797;50.04
3798;49.41
3799;51.58
3800;57.98
3801;61.52
3802;63.56
3803;63.01
3804;60.68
3805;58.46
3806;58.34
3807;58.33
3808;57.39
3809;57.22
3810;55.7
3811;54.51
3812;54.44
3813;52.96
3814;51.22
3815;49.99
3816;41.91
3817;47.52
3818;48.79
3819;47.21
3820;46.52
3821;48.68
3822;48.54
3823;51.45
3824;56.91
3825;64.38
3826;64.3
3827;64.21
3828;58.31
3829;58.78
3830;58.4
3831;57.35
3832;56.84
3833;56.82
3834;56.82
3835;56.82
3836;56.79
3837;56.94
3838;52.71
3839;51.75
3840;41.7
3841;37.98
3842;34.26
3843;32.7
3844;31.85
3845;33.4
3846;40.32
3847;45.68
3848;51.95
3849;56.52
3850;56.45
3851;55.58
3852;52.16
3853;52.18
3854;51.41
3855;50.41
3856;48.74
3857;33.73
3858;32.78
3859;31.13
3860;31.91
3861;28.02
3862;21.21
3863;17.65
3864;12.98
3865;14.02
3866;13.12
3867;10.42
3868;10
3869;10
3870;11.8
3871;15.11
3872;16.55
3873;22.37
3874;22.73
3875;22.95
3876;24.53
3877;17.92
3878;6.78
3879;4.74
3880;1.91
3881;3.38
3882;1.63
3883;19.91
3884;43.57
3885;44.39
3886;35.4
3887;29.67
3888;24.89
3889;20.41
3890;9.94
3891;7.05
3892;4.87
3893;4.44
3894;3.04
3895;3.76
3896;8.26
3897;4.05
3898;2.52
3899;2.56
3900;1.51
3901;1.42
3902;1.14
3903;1
3904;1.46
3905;3.22
3906;18.73
3907;48.05
3908;48.37
3909;48.02
3910;45.93
3911;36.28
3912;30.6
3913;27.97
3914;26.29
3915;24.17
3916;26.86
3917;28.48
3918;28.05
3919;29.35
3920;34.3
3921;50.83
3922;50.98
3923;50.7
3924;49.92
3925;38.11
3926;35.72
3927;34.33
3928;33.39
3929;32.13
3930;29.83
3931;29.19
3932;24.16
3933;22.16
3934;20.06
3935;19.28
3936;14.47
3937;18.04
3938;10.02
3939;2.58
3940;1.8
3941;3.17
3942;14.45
3943;22.07
3944;46.87
3945;50.21
3946;48.81
3947;48.87
3948;48.54
3949;48.07
3950;49.66
3951;48.4
3952;48.05
3953;48.5
3954;49.08
3955;48.07
3956;47.96
3957;50.07
3958;48.27
3959;46.89
3960;44.92
3961;33.15
3962;30.59
3963;29.47
3964;29.71
3965;30.96
3966;40.67
3967;43.18
3968;47.77
3969;49.78
3970;49.63
3971;83.99
3972;77.9
3973;73.78
3974;70.45
3975;49.89
3976;48.36
3977;46.68
3978;46.91
3979;46.56
3980;45.91
3981;46.97
3982;45.94
3983;43.09
3984;41.49
3985;39.68
3986;28.05
3987;27.95
3988;27.67
3989;28.21
3990;38.35
3991;40.56
3992;45.66
3993;51.63
3994;51.68
3995;51.42
3996;50.36
3997;49.5
3998;46.99
3999;45.67
4000;44.59
4001;42.57
4002;41.42
4003;40.3
4004;39.43
4005;41.04
4006;33.69
4007;26.93
4008;21.57
4009;22.6
4010;22.5
4011;25.06
4012;23.01
4013;21.41
4014;20.96
4015;27.39
4016;42.33
4017;44.07
4018;44.31
4019;44.11
4020;43.67
4021;42.87
4022;42.56
4023;39.91
4024;28.02
4025;28.06
4026;42.17
4027;42.35
4028;42.54
4029;42.61
4030;42.37
4031;41.13
4032;28.06
4033;21.01
4034;19.66
4035;18.81
4036;18.92
4037;19
4038;20.69
4039;21.61
4040;23.06
4041;24.42
4042;25.6
4043;43.58
4044;43.12
4045;35.08
4046;26.1
4047;25.88
4048;25.79
4049;25.6
4050;25.8
4051;26.01
4052;26.1
4053;25.9
4054;25.11
4055;24.53
4056;24.15
4057;24.23
4058;22.97
4059;21.94
4060;21.9
4061;22.42
4062;22.44
4063;22.47
4064;24.36
4065;26.9
4066;28.42
4067;31.83
4068;33.02
4069;32.88
4070;27.2
4071;24.3
4072;26.99
4073;31.57
4074;41.88
4075;42.45
4076;30.06
4077;25.92
4078;24.24
4079;23.24
4080;22.16
4081;19.18
4082;15.31
4083;5.1
4084;3.66
4085;3.63
4086;16.66
4087;21.15
4088;24.8
4089;43.19
4090;43.68
4091;43.97
4092;44.53
4093;44.73
4094;44.74
4095;44.9
4096;44.59
4097;44.78
4098;44.96
4099;44.66
4100;43.63
4101;43.73
4102;42.18
4103;35.13
4104;24.83
4105;26.33
4106;25.95
4107;25.84
4108;25.35
4109;24.82
4110;24
4111;25.9
4112;44.59
4113;45.64
4114;45.68
4115;45.53
4116;45.46
4117;45.33
4118;45.29
4119;45.4
4120;44.99
4121;44.87
4122;44.91
4123;44.79
4124;44.67
4125;45.06
4126;44.78
4127;42.07
4128;25.21
4129;27.92
4130;26.52
4131;25.93
4132;25.75
4133;25.03
4134;28.51
4135;30.65
4136;46.65
4137;47.32
4138;47.48
4139;47.97
4140;48
4141;47.97
4142;47.89
4143;47.93
4144;47.27
4145;47.09
4146;46.99
4147;46.72
4148;46.55
4149;46.81
4150;46.52
4151;45.19
4152;30.41
4153;32.87
4154;32.57
4155;32.2
4156;31.9
4157;32.19
4158;30.56
4159;45.83
4160;47.83
4161;49
4162;49.91
4163;49.98
4164;50.62
4165;50.54
4166;48.99
4167;48.92
4168;48.63
4169;47.98
4170;47.12
4171;44.94
4172;38.69
4173;35.44
4174;35.13
4175;32.48
4176;29.87
4177;31.84
4178;29.24
4179;28
4180;26.81
4181;28.33
4182;31.95
4183;32.87
4184;33.96
4185;35.75
4186;36.47
4187;37.15
4188;37.11
4189;36.51
4190;35.8
4191;35.18
4192;33.13
4193;32.58
4194;33.5
4195;34.01
4196;33.48
4197;32.15
4198;31.22
4199;30.08
4200;26.58
4201;29.12
4202;26.13
4203;22.19
4204;21.73
4205;21.82
4206;24.82
4207;30.03
4208;30.95
4209;32.88
4210;34
4211;34.13
4212;34.14
4213;34.09
4214;34.02
4215;33.79
4216;33.77
4217;34.07
4218;34.26
4219;34.44
4220;34.37
4221;34.05
4222;33.05
4223;32.12
4224;30.39
4225;28.86
4226;28.07
4227;26.65
4228;25.86
4229;24.63
4230;26
4231;29.95
4232;30.09
4233;31.76
4234;33
4235;33.5
4236;34
4237;33.98
4238;32.29
4239;30.32
4240;31.86
4241;34.26
4242;34.6
4243;34.64
4244;34.83
4245;34.54
4246;34.23
4247;33.5
4248;32.33
4249;28.31
4250;28.01
4251;27.17
4252;27.7
4253;31.25
4254;34.25
4255;35.68
4256;52.47
4257;53.46
4258;52.89
4259;53.1
4260;53.1
4261;52.95
4262;52.91
4263;52.81
4264;52.87
4265;52.54
4266;52.93
4267;52.7
4268;51.97
4269;52.89
4270;51.99
4271;51.42
4272;34.95
4273;35.88
4274;35.4
4275;35.23
4276;35.13
4277;35.42
4278;35.73
4279;36.86
4280;53.12
4281;54.16
4282;54.97
4283;55.12
4284;54.34
4285;54.91
4286;54.88
4287;53.99
4288;53.64
4289;53.22
4290;53.25
4291;52.99
4292;51.96
4293;52.69
4294;51.76
4295;49.31
4296;34.37
4297;35.23
4298;34.45
4299;33.59
4300;33.3
4301;33.98
4302;35.51
4303;37.52
4304;52.03
4305;53.03
4306;53.2
4307;53.28
4308;53.35
4309;53.41
4310;53.39
4311;53.29
4312;52.35
4313;52.09
4314;53.23
4315;52.47
4316;51.96
4317;51.93
4318;47.82
4319;38.55
4320;37.86
4321;36.7
4322;36.46
4323;35.9
4324;35.3
4325;36.05
4326;37.78
4327;38.85
4328;40.39
4329;49.45
4330;51.53
4331;51.81
4332;51.05
4333;52.53
4334;52.42
4335;51.81
4336;51.87
4337;49.98
4338;50.11
4339;48.46
4340;47.82
4341;52.55
4342;48.42
4343;38.28
4344;37.61
4345;39.39
4346;39.31
4347;39.27
4348;39.18
4349;39.3
4350;39.73
4351;40.75
4352;48.98
4353;53.49
4354;53.89
4355;54.18
4356;54.19
4357;53.97
4358;53.59
4359;53.12
4360;51.92
4361;53.68
4362;53.9
4363;53.62
4364;53.3
4365;53.39
4366;53.02
4367;44.98
4368;40.78
4369;41.88
4370;41.41
4371;40.9
4372;40.64
4373;40.56
4374;40.97
4375;42.23
4376;43.39
4377;45.83
4378;51.04
4379;53.54
4380;53.68
4381;53.59
4382;53
4383;52.31
4384;52.38
4385;53.49
4386;53.75
4387;53.85
4388;53.7
4389;52.46
4390;41.44
4391;40.25
4392;39.54
4393;39.78
4394;39.62
4395;39.54
4396;39.61
4397;39.79
4398;40.63
4399;41.57
4400;46.26
4401;47.47
4402;52.98
4403;54.8
4404;55.28
4405;55.69
4406;55.71
4407;55.76
4408;55.9
4409;56.23
4410;57.34
4411;58.11
4412;58.19
4413;57.71
4414;56.91
4415;55.97
4416;54.88
4417;42.07
4418;41.46
4419;41.22
4420;41.29
4421;41.77
4422;52.88
4423;55.19
4424;58.11
4425;62.27
4426;86.59
4427;99.95
4428;62
4429;61.08
4430;61.08
4431;60.94
4432;60.79
4433;60.77
4434;60.91
4435;105.6
4436;59.35
4437;58.08
4438;56.19
4439;54.99
4440;54.46
4441;54.84
4442;44.83
4443;44.69
4444;44.59
4445;44.89
4446;52.58
4447;57.01
4448;58.52
4449;97.06
4450;87.29
4451;76.8
4452;63.03
4453;59.33
4454;57.85
4455;57.64
4456;57.71
4457;59.06
4458;73.35
4459;89.27
4460;97.54
4461;58.56
4462;57.88
4463;57.52
4464;54.1
4465;48.56
4466;48.06
4467;48.06
4468;47.59
4469;47.94
4470;46.87
4471;56.64
4472;59.57
4473;108.31
4474;104.93
4475;98.24
4476;90.85
4477;82.9
4478;82.9
4479;81.22
4480;82.8
4481;94.06
4482;97.88
4483;110.84
4484;122.97
4485;70.68
4486;59.85
4487;57.78
4488;54.81
4489;47.15
4490;46.66
4491;45.9
4492;45.87
4493;46.85
4494;49.68
4495;57.97
4496;74.89
4497;96.84
4498;100.08
4499;102.43
4500;95.09
4501;90.05
4502;90.05
4503;94.84
4504;93.51
4505;97.78
4506;92.05
4507;95.91
4508;97.62
4509;90.27
4510;79.56
4511;59.97
4512;57.35
4513;57.32
4514;56.93
4515;56.16
4516;56.26
4517;56.35
4518;57.31
4519;57.78
4520;77.95
4521;107.97
4522;104.62
4523;105.46
4524;102.38
4525;95
4526;91.92
4527;87
4528;83.21
4529;82.5
4530;86.03
4531;92.2
4532;77.62
4533;61.76
4534;57.91
4535;57.16
4536;56.23
4537;56.91
4538;55.47
4539;54.71
4540;54.28
4541;52.86
4542;52.92
4543;53.54
4544;54.43
4545;55.33
4546;57.11
4547;57.55
4548;57.53
4549;57.32
4550;56.99
4551;55.81
4552;55.47
4553;55.49
4554;56.41
4555;57.08
4556;57.01
4557;56.29
4558;55.49
4559;55.01
4560;54.51
4561;53.7
4562;50.54
4563;49.89
4564;50.13
4565;49.39
4566;50.45
4567;54.24
4568;54.87
4569;55.41
4570;57.05
4571;57.89
4572;58.61
4573;58.59
4574;58.45
4575;58.19
4576;58.3
4577;58.29
4578;58.55
4579;60.36
4580;60.61
4581;60.5
4582;59.56
4583;58.27
4584;57.42
4585;56.68
4586;56.03
4587;54.87
4588;54.95
4589;56.12
4590;57
4591;65.02
4592;103.09
4593;106.01
4594;101.8
4595;95.94
4596;94.99
4597;91.16
4598;87
4599;86.47
4600;88.89
4601;89.5
4602;99.93
4603;105.85
4604;117.6
4605;75.73
4606;69.83
4607;66.76
4608;58.27
4609;62.83
4610;63.92
4611;62.65
4612;60.97
4613;60.78
4614;60.88
4615;60.72
4616;79.58
4617;89.96
4618;103.46
4619;100.05
4620;101.8
4621;97.01
4622;81.95
4623;81.92
4624;80.05
4625;80
4626;87.02
4627;97.95
4628;80.02
4629;78.44
4630;67.21
4631;60.75
4632;59.49
4633;60.67
4634;60.6
4635;60.5
4636;60.32
4637;60.27
4638;60.59
4639;60.45
4640;69.96
4641;108.44
4642;107.43
4643;103.32
4644;101.15
4645;95.41
4646;86.42
4647;79.05
4648;74.44
4649;69.47
4650;79.99
4651;89.62
4652;91.21
4653;79.95
4654;60.78
4655;60.15
4656;59.8
4657;61
4658;60.36
4659;59.67
4660;59.11
4661;58.77
4662;59.08
4663;60.69
4664;61.28
4665;102.48
4666;103.17
4667;101.23
4668;100.83
4669;94.79
4670;90.86
4671;85
4672;79.98
4673;78.12
4674;90.61
4675;92.37
4676;75.75
4677;61.64
4678;61.31
4679;60.83
4680;59.7
4681;55.15
4682;53.95
4683;53.28
4684;53.08
4685;53.12
4686;53.64
4687;54.92
4688;59.57
4689;61.74
4690;62.39
4691;62.6
4692;62.62
4693;62.6
4694;62.55
4695;62.39
4696;62.21
4697;62.11
4698;62.13
4699;62.09
4700;62.03
4701;61.65
4702;61.25
4703;60.46
4704;58.62
4705;55.09
4706;53.68
4707;52.07
4708;51.12
4709;50.67
4710;50.87
4711;51.83
4712;53.68
4713;57.84
4714;62.09
4715;62.04
4716;60.11
4717;54.31
4718;48.23
4719;41
4720;36.21
4721;40.01
4722;51.07
4723;54.44
4724;55.51
4725;54.84
4726;52.54
4727;50.76
4728;47.83
4729;48.26
4730;39.99
4731;26.83
4732;25
4733;26.03
4734;29.18
4735;35.19
4736;36.88
4737;39.97
4738;45.04
4739;35.33
4740;25.97
4741;19.56
4742;2.9
4743;3.04
4744;4.66
4745;9.1
4746;23.72
4747;47.71
4748;54.03
4749;55.42
4750;54.26
4751;52.65
4752;49.01
4753;45.87
4754;45.3
4755;45.34
4756;45.74
4757;46.43
4758;47.75
4759;56.92
4760;60.59
4761;61.43
4762;62.04
4763;91.02
4764;90.86
4765;69.96
4766;62.47
4767;62.15
4768;62
4769;61.76
4770;62.13
4771;62.02
4772;61.71
4773;61.3
4774;60.78
4775;60.36
4776;51.31
4777;46.7
4778;44.74
4779;43.48
4780;43.79
4781;44.79
4782;46.9
4783;48.83
4784;60.33
4785;60.86
4786;61.01
4787;61.18
4788;60.97
4789;60.84
4790;60.73
4791;60.47
4792;60.23
4793;60.22
4794;60.73
4795;60.94
4796;60.87
4797;60.87
4798;60.74
4799;60.49
4800;55.08
4801;45.21
4802;42.45
4803;41.07
4804;40.93
4805;41.87
4806;46.8
4807;56.01
4808;59.93
4809;60.35
4810;61.11
4811;61.41
4812;61.49
4813;61.49
4814;61.44
4815;61.24
4816;61.2
4817;61.08
4818;61.11
4819;61.19
4820;61.02
4821;60.69
4822;60.34
4823;59.91
4824;47.91
4825;40.45
4826;36.25
4827;32.58
4828;31.69
4829;32.88
4830;41.11
4831;58.81
4832;59.54
4833;59.74
4834;59.84
4835;59.86
4836;59.81
4837;59.76
4838;59.73
4839;59.67
4840;59.65
4841;59.63
4842;59.64
4843;59.9
4844;59.85
4845;59.79
4846;59.71
4847;58.96
4848;46.34
4849;46.86
4850;46.1
4851;46.15
4852;45.91
4853;46.27
4854;47.95
4855;48.39
4856;59.59
4857;59.85
4858;60.09
4859;60.62
4860;60.83
4861;60.73
4862;60.55
4863;60.34
4864;60.22
4865;60.05
4866;60.33
4867;60.78
4868;60.45
4869;60.39
4870;60.06
4871;58.98
4872;58.58
4873;51.48
4874;51.11
4875;50.69
4876;50.33
4877;50.13
4878;50.69
4879;51.01
4880;51.75
4881;58.01
4882;58.69
4883;58.96
4884;59.36
4885;58.95
4886;58.73
4887;58.52
4888;58.53
4889;58.69
4890;58.93
4891;59.57
4892;59.47
4893;59.15
4894;58.87
4895;58.79
4896;49.12
4897;48.46
4898;47.33
4899;46.68
4900;47.02
4901;46.86
4902;47.13
4903;47.51
4904;47.97
4905;49.93
4906;51.16
4907;49.23
4908;49.74
4909;49.22
4910;48.56
4911;46.89
4912;47.85
4913;49.65
4914;51.52
4915;51.76
4916;51.86
4917;51.64
4918;51.02
4919;49.01
4920;48.02
4921;48.67
4922;44.62
4923;44.74
4924;45.93
4925;47.12
4926;48.42
4927;48.73
4928;56.96
4929;59.35
4930;59.45
4931;59.51
4932;59.51
4933;59.48
4934;59.46
4935;59.52
4936;59.5
4937;59.5
4938;59.71
4939;59.66
4940;59.65
4941;59.63
4942;59.41
4943;48.62
4944;47.8
4945;47.89
4946;47.36
4947;48.28
4948;48.33
4949;48.75
4950;48.63
4951;48.01
4952;58.38
4953;59.26
4954;59.67
4955;59.79
4956;59.79
4957;59.75
4958;59.7
4959;59.73
4960;59.77
4961;59.8
4962;59.93
4963;59.97
4964;59.92
4965;59.9
4966;59.76
4967;59.57
4968;54.64
4969;47.18
4970;48.17
4971;48.05
4972;47.26
4973;44.5
4974;47.72
4975;48.07
4976;57.82
4977;58.88
4978;58.95
4979;58.98
4980;58.98
4981;58.94
4982;58.84
4983;57.21
4984;56.36
4985;54.6
4986;58.82
4987;58.86
4988;58.82
4989;58.82
4990;58.58
4991;57.64
4992;45.9
4993;47.18
4994;45.82
4995;44.87
4996;43.43
4997;43.64
4998;44.97
4999;45.89
5000;56.97
5001;54.6
5002;48.59
5003;42.13
5004;42.27
5005;43.07
5006;42.11
5007;41.62
5008;41.97
5009;41.19
5010;44.69
5011;47.99
5012;46.77
5013;45.62
5014;44.73
5015;43.12
5016;41.11
5017;43.62
5018;43.32
5019;43.1
5020;42.13
5021;41.24
5022;43.06
5023;43.25
5024;45.25
5025;48.23
5026;48.79
5027;49.23
5028;49.1
5029;48.7
5030;43.48
5031;41.26
5032;43.5
5033;45.74
5034;52.86
5035;52.98
5036;49.03
5037;48.63
5038;48.46
5039;48.2
5040;46.73
5041;45.06
5042;46.88
5043;41.76
5044;38.95
5045;35.92
5046;33.37
5047;40.43
5048;40.57
5049;37.41
5050;38.09
5051;41.45
5052;41.22
5053;41.32
5054;38.19
5055;37.24
5056;37.33
5057;38.37
5058;43.09
5059;48.77
5060;52.71
5061;55.38
5062;54.98
5063;51.58
5064;48.17
5065;49.63
5066;48.14
5067;48.09
5068;46.06
5069;45.22
5070;45.85
5071;45.28
5072;46.78
5073;49.03
5074;49.84
5075;50.36
5076;50.17
5077;50.01
5078;49.72
5079;49.03
5080;48.94
5081;49.2
5082;49.54
5083;58.61
5084;58.92
5085;58.98
5086;58.88
5087;54.52
5088;48.49
5089;48.66
5090;44.5
5091;43.8
5092;43.72
5093;44.18
5094;49.95
5095;48.01
5096;52.29
5097;58.03
5098;58.39
5099;58.59
5100;58.6
5101;58.66
5102;58.52
5103;58.46
5104;58.31
5105;58.28
5106;58.35
5107;58.57
5108;58.66
5109;58.96
5110;58.83
5111;56.43
5112;48
5113;51.28
5114;49.1
5115;46.37
5116;44.99
5117;45.03
5118;51.59
5119;54.41
5120;59
5121;59.35
5122;59.88
5123;60.08
5124;59.98
5125;59.79
5126;59.72
5127;59.89
5128;59.73
5129;59.69
5130;59.99
5131;60.02
5132;59.93
5133;59.64
5134;58.81
5135;55.15
5136;50.98
5137;52.7
5138;51.62
5139;51.23
5140;50.98
5141;51.97
5142;54.87
5143;59.92
5144;60.88
5145;61.16
5146;61.62
5147;62
5148;62.66
5149;62.05
5150;62.74
5151;61.54
5152;61.31
5153;61.18
5154;61.98
5155;62.72
5156;63.3
5157;63.27
5158;61.79
5159;61.43
5160;59.54
5161;58
5162;57.12
5163;54.95
5164;53.61
5165;55.49
5166;59.08
5167;61.26
5168;61.8
5169;62.96
5170;63.22
5171;63.06
5172;62.79
5173;62
5174;62.98
5175;61.92
5176;61.8
5177;61.69
5178;62.15
5179;63.24
5180;62.97
5181;62.1
5182;62.03
5183;57.62
5184;51.95
5185;57.04
5186;55.91
5187;55.08
5188;55.8
5189;55.87
5190;57.82
5191;58.12
5192;62.16
5193;61.91
5194;62.33
5195;62.4
5196;61.94
5197;61.04
5198;59.15
5199;54.64
5200;55.28
5201;58.93
5202;61.51
5203;62.73
5204;61.29
5205;55.83
5206;54.74
5207;53.21
5208;50.32
5209;54.48
5210;52.82
5211;51.65
5212;49.91
5213;44.21
5214;45.02
5215;51.35
5216;55.32
5217;57.63
5218;57.24
5219;55.32
5220;53.7
5221;53.53
5222;51.56
5223;50.64
5224;50.84
5225;51.64
5226;54.22
5227;56.14
5228;57.75
5229;55.72
5230;54.75
5231;52.81
5232;43.87
5233;16.02
5234;1.27
5235;0.67
5236;0.59
5237;0.07
5238;0.04
5239;0.04
5240;0.09
5241;0.84
5242;3
5243;22.89
5244;23.94
5245;23.78
5246;32.92
5247;27.18
5248;39.44
5249;32.17
5250;47.34
5251;50.24
5252;60.33
5253;60.83
5254;63.38
5255;62.15
5256;56.58
5257;49.12
5258;39.2
5259;38.27
5260;31.92
5261;38.42
5262;52.75
5263;64.49
5264;81.26
5265;86.9
5266;79.13
5267;65.49
5268;64.13
5269;62.42
5270;61.22
5271;61.42
5272;61.04
5273;62.32
5274;73.48
5275;81.4
5276;81.37
5277;69.94
5278;69.03
5279;67.04
5280;61.94
5281;64.63
5282;64.36
5283;64.13
5284;63.24
5285;64.82
5286;66.58
5287;69.01
5288;94.05
5289;115
5290;106.35
5291;97.28
5292;88.12
5293;84.6
5294;79.91
5295;75.89
5296;75.49
5297;80.35
5298;89.51
5299;104.54
5300;116.29
5301;83.64
5302;72.01
5303;70.18
5304;67.35
5305;71.16
5306;70.46
5307;69.74
5308;69.91
5309;70.23
5310;71.72
5311;82.21
5312;94.85
5313;119.94
5314;108.98
5315;92.97
5316;88.63
5317;84.6
5318;82.21
5319;80.99
5320;82.96
5321;88.05
5322;96.52
5323;96.85
5324;91.29
5325;76.08
5326;78.75
5327;74.76
5328;71.2
5329;72.7
5330;71.89
5331;71.44
5332;71.17
5333;71.38
5334;72.99
5335;85.06
5336;97.33
5337;120.77
5338;109
5339;102.72
5340;98.06
5341;95
5342;91.94
5343;92.99
5344;94.95
5345;100.91
5346;104.09
5347;101.66
5348;97.29
5349;87.72
5350;85.09
5351;76.02
5352;71.98
5353;73.01
5354;71.68
5355;71.15
5356;70.95
5357;71.27
5358;72.08
5359;71.03
5360;83.3
5361;99.92
5362;105.1
5363;99.98
5364;88.02
5365;83.75
5366;74.05
5367;72.04
5368;71.86
5369;72.58
5370;74
5371;76.1
5372;71.79
5373;70.92
5374;71.44
5375;66.65
5376;60.99
5377;58.65
5378;57.51
5379;56.38
5380;55.41
5381;55.02
5382;55.88
5383;58.07
5384;61.22
5385;63.89
5386;67.98
5387;63.26
5388;59.1
5389;53.58
5390;52.27
5391;48.91
5392;45.58
5393;52.2
5394;58.85
5395;62.62
5396;61.37
5397;59.23
5398;62.85
5399;60.88
5400;57.28
5401;49.95
5402;48.99
5403;49.65
5404;49.8
5405;48.97
5406;50.76
5407;54.25
5408;56.94
5409;57.53
5410;53.54
5411;53.67
5412;54.36
5413;54.25
5414;50.24
5415;49.24
5416;49.99
5417;54.79
5418;67.05
5419;70.38
5420;69.26
5421;67.88
5422;69.86
5423;65.87
5424;61.22
5425;64.96
5426;63.13
5427;62.08
5428;60.13
5429;60.82
5430;68.06
5431;79.27
5432;100.48
5433;96.73
5434;89.94
5435;95.02
5436;98.98
5437;95.11
5438;94.95
5439;89.12
5440;86.3
5441;81.11
5442;86.48
5443;74.52
5444;78.13
5445;79.12
5446;76.9
5447;68.4
5448;60.02
5449;61.11
5450;59.45
5451;48.52
5452;37.59
5453;35.11
5454;50.06
5455;64.35
5456;73.49
5457;71.17
5458;69.3
5459;68.84
5460;66.11
5461;65.52
5462;64.9
5463;63.39
5464;63.59
5465;64.55
5466;69.09
5467;76.42
5468;76.75
5469;69.11
5470;63.8
5471;58.83
5472;48.58
5473;41.98
5474;34.01
5475;7.24
5476;2.25
5477;1.7
5478;14.98
5479;48.24
5480;64.51
5481;77.29
5482;71.08
5483;74.16
5484;75.02
5485;74.4
5486;70.44
5487;66.63
5488;66.75
5489;66.11
5490;68.19
5491;68.66
5492;64.93
5493;59.41
5494;59.47
5495;57.13
5496;45.01
5497;52.43
5498;51.86
5499;49.6
5500;47.22
5501;46.25
5502;43.88
5503;56.99
5504;75.14
5505;85.09
5506;90.5
5507;89.91
5508;90.74
5509;92.65
5510;94.13
5511;89.9
5512;89.91
5513;91.32
5514;100.51
5515;111.57
5516;96.04
5517;78.47
5518;78.2
5519;57.02
5520;45.98
5521;44.92
5522;51.71
5523;51.35
5524;52.27
5525;52.08
5526;49.4
5527;56.42
5528;85.03
5529;119.92
5530;99.49
5531;98.61
5532;85.04
5533;82.62
5534;76.05
5535;73.25
5536;69.59
5537;68.04
5538;72.11
5539;72.93
5540;77.86
5541;70.09
5542;62.62
5543;56.17
5544;50.22
5545;46.66
5546;43.76
5547;43.16
5548;42.47
5549;42.14
5550;36.77
5551;43.87
5552;48.73
5553;54.12
5554;55.05
5555;55.45
5556;55.51
5557;54.84
5558;54.98
5559;54.81
5560;55.13
5561;56.01
5562;57
5563;57.96
5564;58.31
5565;57.53
5566;57.61
5567;55.61
5568;51.4
5569;49.79
5570;46.54
5571;44
5572;43.16
5573;42.54
5574;43.42
5575;43.97
5576;50.01
5577;52.52
5578;55.14
5579;56.4
5580;56.34
5581;55.92
5582;56.14
5583;55.78
5584;56.48
5585;57.2
5586;57.79
5587;60.41
5588;61.09
5589;59
5590;57.63
5591;55.59
5592;50.8
5593;50.07
5594;48.01
5595;46.58
5596;46.57
5597;47.61
5598;50.98
5599;53.96
5600;72.33
5601;79.95
5602;80.1
5603;84.83
5604;84.81
5605;79.9
5606;80.14
5607;80.01
5608;79.28
5609;78.99
5610;80.05
5611;80.98
5612;80.09
5613;79.41
5614;78.28
5615;64.62
5616;57.45
5617;64.61
5618;62.54
5619;62.5
5620;61.99
5621;63.64
5622;73.54
5623;100.2
5624;119
5625;127.05
5626;118.26
5627;118.22
5628;120.18
5629;125.55
5630;118.2
5631;105.85
5632;98.09
5633;96.92
5634;105.46
5635;109.52
5636;122.5
5637;100.02
5638;80.48
5639;44.71
5640;27.28
5641;23.39
5642;21.31
5643;20.64
5644;18.78
5645;22.31
5646;29.72
5647;60.67
5648;82.69
5649;101.03
5650;88.49
5651;84.46
5652;81.73
5653;74.03
5654;69.4
5655;67.89
5656;68.35
5657;71.84
5658;79.93
5659;80.07
5660;81.87
5661;62.35
5662;50.61
5663;39.41
5664;32.66
5665;23.09
5666;27.29
5667;26.2
5668;27.1
5669;28.66
5670;36.33
5671;46.04
5672;72.77
5673;88.72
5674;89.99
5675;91.69
5676;90.99
5677;89.96
5678;89.92
5679;83.16
5680;79.83
5681;79.85
5682;85.64
5683;85.36
5684;85.67
5685;60.8
5686;55.46
5687;49.77
5688;46.61
5689;42.84
5690;42.27
5691;42.08
5692;42.48
5693;43.66
5694;45.73
5695;61.81
5696;86.68
5697;99.12
5698;97.33
5699;99.41
5700;89.94
5701;87.18
5702;86.89
5703;84.21
5704;80.96
5705;79.53
5706;84.98
5707;89.25
5708;80.93
5709;74.97
5710;69.96
5711;52
5712;49.35
5713;48.44
5714;47.85
5715;47.71
5716;47.46
5717;47.28
5718;47.43
5719;47.3
5720;48.42
5721;50.07
5722;54.9
5723;60.06
5724;64.81
5725;64.44
5726;57.2
5727;56
5728;62.31
5729;66.1
5730;71.77
5731;78.95
5732;74.99
5733;65.09
5734;64.07
5735;57.33
5736;50.88
5737;49.34
5738;49.2
5739;49.15
5740;49.23
5741;49.2
5742;49.35
5743;49.37
5744;53.87
5745;55.6
5746;62.7
5747;72.46
5748;78.84
5749;75.58
5750;68.87
5751;69.03
5752;64.45
5753;69.92
5754;84.92
5755;88.36
5756;85.57
5757;76.82
5758;71.64
5759;57.59
5760;50.42
5761;49.02
5762;48.68
5763;48.71
5764;48.71
5765;49.25
5766;54.4
5767;90.17
5768;126
5769;131.92
5770;132.92
5771;128.53
5772;126.1
5773;122
5774;112.6
5775;104.94
5776;101
5777;100.99
5778;109.58
5779;116.74
5780;128.48
5781;130.04
5782;111.15
5783;76.82
5784;48.66
5785;46.25
5786;45.19
5787;44.73
5788;44.5
5789;45.07
5790;68.8
5791;111.43
5792;134.46
5793;137.02
5794;135.84
5795;125.13
5796;116.19
5797;113.61
5798;104.66
5799;97.2
5800;95.24
5801;95.51
5802;110.45
5803;123.81
5804;129.91
5805;130.72
5806;79
5807;38.98
5808;30.42
5809;27.4
5810;25.57
5811;26.79
5812;27.89
5813;30.91
5814;38.87
5815;89.97
5816;119.91
5817;140.72
5818;130
5819;116.99
5820;109.75
5821;103.88
5822;95.16
5823;92.23
5824;92.78
5825;97.61
5826;109.44
5827;126.13
5828;114.93
5829;114.06
5830;78.97
5831;44.94
5832;38.88
5833;41.9
5834;43.51
5835;44.17
5836;44.62
5837;45
5838;47.53
5839;89.93
5840;150
5841;146.38
5842;130.8
5843;118.92
5844;113
5845;96.79
5846;96.91
5847;94.93
5848;91.98
5849;85.1
5850;92.29
5851;93.77
5852;87.95
5853;84.96
5854;76.89
5855;44.51
5856;40.1
5857;29.79
5858;29.78
5859;29.87
5860;31.79
5861;39.17
5862;44.13
5863;68.9
5864;87.7
5865;96.49
5866;97.42
5867;97.09
5868;94.42
5869;89.62
5870;84.91
5871;82.98
5872;78.95
5873;84.81
5874;92.33
5875;95.78
5876;95.43
5877;95.1
5878;90.9
5879;52.67
5880;46.19
5881;46.4
5882;45.84
5883;45.83
5884;45.96
5885;46.13
5886;45.85
5887;47.36
5888;48.25
5889;65.62
5890;84.85
5891;87.57
5892;89.47
5893;85.93
5894;84.86
5895;83.67
5896;82.95
5897;84.95
5898;95.59
5899;107.93
5900;109.87
5901;108.61
5902;105.13
5903;84.9
5904;70.89
5905;67.39
5906;51.12
5907;50.85
5908;50.82
5909;50.78
5910;50.4
5911;49.05
5912;65.87
5913;71.81
5914;82.97
5915;84.95
5916;84.01
5917;81.47
5918;65.66
5919;63.4
5920;69.09
5921;80.18
5922;85.9
5923;94.63
5924;94.88
5925;95.05
5926;90.32
5927;71.33
5928;48.67
5929;50.96
5930;50.07
5931;50.03
5932;50.33
5933;51.04
5934;70.19
5935;117.5
5936;147.5
5937;160
5938;139.26
5939;128.04
5940;110.7
5941;105.57
5942;100.26
5943;102.91
5944;109.97
5945;119.95
5946;129.92
5947;129.92
5948;128.37
5949;97.66
5950;89.91
5951;73.32
5952;47.55
5953;47.72
5954;47.36
5955;47.25
5956;47.19
5957;47.6
5958;54.28
5959;88.06
5960;114.73
5961;134.29
5962;123.39
5963;111.31
5964;111.27
5965;105.26
5966;90.98
5967;86.99
5968;76.04
5969;74.43
5970;83.91
5971;83.59
5972;77.41
5973;72.16
5974;66.7
5975;44.37
5976;32.43
5977;26.66
5978;24.2
5979;21.17
5980;25.93
5981;30.36
5982;47.44
5983;50.08
5984;78.38
5985;86.96
5986;78.73
5987;90.91
5988;86.98
5989;87.95
5990;78.35
5991;76.65
5992;83.91
5993;85.06
5994;95.93
5995;104.91
5996;97.3
5997;95.98
5998;72.87
5999;49.96
6000;48.4
6001;48.31
6002;48.09
6003;48.91
6004;50.38
6005;51.31
6006;53.61
6007;85.04
6008;103.55
6009;119.9
6010;107.3
6011;107.67
6012;106.99
6013;106.65
6014;107.88
6015;108.05
6016;108
6017;106.19
6018;106.05
6019;109.73
6020;110.02
6021;108.35
6022;95
6023;80.34
6024;52.51
6025;54.07
6026;54.01
6027;54.16
6028;54.68
6029;55.4
6030;80.09
6031;97.43
6032;119.92
6033;162.27
6034;156.66
6035;149.22
6036;144.22
6037;125.67
6038;108.58
6039;107.2
6040;105.04
6041;105.68
6042;106.75
6043;108.52
6044;109.93
6045;107.03
6046;98.87
6047;80.78
6048;55.59
6049;55.12
6050;55.1
6051;55.1
6052;55.12
6053;55.35
6054;54.74
6055;55.21
6056;56.29
6057;92.95
6058;108.32
6059;108.89
6060;108.04
6061;108.97
6062;107.1
6063;106.08
6064;107.81
6065;109.58
6066;129.2
6067;130
6068;147.97
6069;119.03
6070;106.45
6071;104.31
6072;92.89
6073;99.33
6074;91.19
6075;89.33
6076;89.83
6077;87.57
6078;86.92
6079;88.99
6080;90.97
6081;102.72
6082;102.39
6083;101.1
6084;99.72
6085;93.94
6086;81.07
6087;69.68
6088;72.44
6089;87.13
6090;99.94
6091;119.91
6092;121.91
6093;103.85
6094;103.57
6095;102.95
6096;82.98
6097;60.06
6098;51.27
6099;45.33
6100;42.08
6101;42.1
6102;59.3
6103;79.52
6104;90.94
6105;104.51
6106;104.56
6107;104.33
6108;104
6109;104
6110;104.02
6111;103.96
6112;103.92
6113;103.96
6114;105.09
6115;105.49
6116;105.73
6117;105.78
6118;104.88
6119;53.27
6120;50.41
6121;51.15
6122;50.97
6123;51.16
6124;51.9
6125;52.78
6126;55.02
6127;106.7
6128;166.24
6129;172.69
6130;162.9
6131;152.15
6132;124.01
6133;121.06
6134;117.27
6135;125.43
6136;151.16
6137;158.72
6138;168
6139;184.55
6140;188.2
6141;174.25
6142;110.09
6143;106.76
6144;80.75
6145;59.37
6146;59.12
6147;59.37
6148;63.49
6149;76.83
6150;90.99
6151;114.98
6152;180.24
6153;192.11
6154;191.32
6155;187.42
6156;180.8
6157;180
6158;175.74
6159;175.76
6160;179.09
6161;179.97
6162;190
6163;192.78
6164;191.86
6165;115.47
6166;114.44
6167;91.7
6168;59.45
6169;61.31
6170;61.18
6171;60.97
6172;60.91
6173;60.88
6174;61.3
6175;109.26
6176;118.93
6177;149.54
6178;174.94
6179;182.2
6180;176.66
6181;155.36
6182;145.06
6183;126.88
6184;127.33
6185;129.93
6186;134.62
6187;149.92
6188;167.94
6189;119.95
6190;115.09
6191;93.14
6192;61.76
6193;60.88
6194;60.75
6195;60.67
6196;60.56
6197;60.59
6198;60.51
6199;62.21
6200;114.93
6201;120.62
6202;120.66
6203;128.7
6204;120
6205;115.02
6206;105.65
6207;105.39
6208;106.87
6209;110.1
6210;131.58
6211;130.03
6212;121.63
6213;117.91
6214;118.08
6215;99.91
6216;78.8
6217;68.06
6218;65.96
6219;65.63
6220;65.64
6221;65.43
6222;65.25
6223;62.83
6224;63.84
6225;84.1
6226;90.31
6227;92.33
6228;92.28
6229;90.74
6230;90.07
6231;88.85
6232;89.82
6233;94.32
6234;99.94
6235;109.44
6236;110.48
6237;99.12
6238;93.71
6239;80.33
6240;63.4
6241;65.2
6242;64.96
6243;64.85
6244;64.98
6245;65.05
6246;65.36
6247;63.28
6248;64.11
6249;67.73
6250;78.75
6251;80.01
6252;80.65
6253;81.4
6254;78.78
6255;74.16
6256;78.1
6257;83.75
6258;99.62
6259;109.4
6260;113.96
6261;99.91
6262;96.13
6263;85
6264;69.68
6265;66.48
6266;66.08
6267;65.93
6268;66.37
6269;66.97
6270;87.47
6271;108.22
6272;124.03
6273;188.64
6274;180
6275;151.02
6276;149.53
6277;127.03
6278;124.75
6279;121.82
6280;125.1
6281;129.97
6282;170.03
6283;179.98
6284;205
6285;119.51
6286;115.05
6287;108.43
6288;83.19
6289;78.23
6290;71.24
6291;69.44
6292;68.73
6293;71.68
6294;92.98
6295;114.79
6296;120.05
6297;126.31
6298;124.1
6299;124.16
6300;122.52
6301;121.92
6302;121.51
6303;121.87
6304;121.72
6305;121.8
6306;147.85
6307;174.88
6308;190
6309;122.84
6310;117.68
6311;105.45
6312;84.66
6313;78.26
6314;65.34
6315;63.58
6316;62.52
6317;62.4
6318;82.56
6319;116.42
6320;126.43
6321;129.12
6322;125.31
6323;123.85
6324;120.39
6325;117.81
6326;114.99
6327;112.66
6328;112.82
6329;109.86
6330;104.92
6331;104.44
6332;102.09
6333;78.78
6334;57.54
6335;54.72
6336;49.35
6337;55.55
6338;55.31
6339;54.8
6340;54.17
6341;54.84
6342;57.73
6343;58.63
6344;75.39
6345;87.53
6346;88.76
6347;64.62
6348;57.98
6349;57.12
6350;56.49
6351;49.22
6352;48.55
6353;54.47
6354;58.48
6355;88.42
6356;86.78
6357;58.79
6358;57.05
6359;53.98
6360;37.7
6361;29.19
6362;28.86
6363;35.54
6364;40.03
6365;52.92
6366;57.47
6367;62.55
6368;96.53
6369;116.66
6370;118.54
6371;116.05
6372;107.01
6373;89.26
6374;87.14
6375;82.1
6376;82.94
6377;88.23
6378;99.12
6379;99.27
6380;97.08
6381;81.83
6382;62.55
6383;59.67
6384;58.13
6385;56.71
6386;56.39
6387;54.99
6388;53.59
6389;47.41
6390;53.56
6391;56.46
6392;57.49
6393;57.96
6394;70.07
6395;80.03
6396;80.76
6397;81.03
6398;78.88
6399;78.11
6400;79.25
6401;90.01
6402;109.99
6403;121.11
6404;121.21
6405;105.94
6406;94.53
6407;80.01
6408;61.75
6409;58.65
6410;58.75
6411;58.96
6412;60.28
6413;61.24
6414;62.03
6415;65.53
6416;73.59
6417;81.05
6418;88.71
6419;96.69
6420;90.55
6421;88.3
6422;88.67
6423;88.17
6424;87.2
6425;89.03
6426;105.97
6427;112.61
6428;114.03
6429;96.02
6430;78.7
6431;58.35
6432;57.14
6433;50.32
6434;49.98
6435;49.68
6436;50.79
6437;54.69
6438;56.23
6439;72.42
6440;106.86
6441;114.95
6442;115.5
6443;115.07
6444;112.98
6445;110.4
6446;107.98
6447;104.25
6448;98.91
6449;99.8
6450;107.97
6451;110.4
6452;110.22
6453;107.76
6454;87.02
6455;63.32
6456;55.67
6457;49.34
6458;53.4
6459;53.93
6460;54.37
6461;56.08
6462;56.8
6463;105.99
6464;111.09
6465;115.07
6466;116.07
6467;115.54
6468;114.23
6469;112.29
6470;112.21
6471;113.39
6472;112.91
6473;113.58
6474;115.42
6475;116.59
6476;116.7
6477;113.37
6478;109.91
6479;107.74
6480;85.08
6481;58.94
6482;57.94
6483;57.76
6484;57.9
6485;58.16
6486;96.48
6487;108.08
6488;110.68
6489;113.93
6490;112.57
6491;111.82
6492;111.48
6493;111.13
6494;108.08
6495;104.99
6496;99.56
6497;104.06
6498;110.99
6499;110.93
6500;110.43
6501;108.25
6502;61.11
6503;56.23
6504;55.2
6505;55.57
6506;55.34
6507;55.14
6508;55.23
6509;55.36
6510;55.63
6511;55.32
6512;61.58
6513;110.68
6514;107.97
6515;102.05
6516;92.02
6517;79.1
6518;79.59
6519;78.37
6520;95.12
6521;104.86
6522;107.45
6523;104.97
6524;107.66
6525;103.34
6526;93.67
6527;55.95
6528;53.32
6529;38.73
6530;34.64
6531;26.17
6532;34.7
6533;35.51
6534;36.66
6535;48.95
6536;63.58
6537;90.62
6538;91.03
6539;80.59
6540;69.62
6541;58.5
6542;50.77
6543;49.19
6544;63.28
6545;75.76
6546;85.11
6547;87.41
6548;87.23
6549;50.88
6550;40.15
6551;30.23
6552;19.9
6553;20.13
6554;20.7
6555;20.65
6556;22.14
6557;22.96
6558;25.33
6559;34.54
6560;42.04
6561;48.05
6562;102.91
6563;104.08
6564;102.4
6565;97.01
6566;86.21
6567;76.44
6568;73.09
6569;76.89
6570;94.64
6571;102.33
6572;97.35
6573;89.82
6574;58.85
6575;38.21
6576;14.08
6577;0.05
6578;-0.03
6579;-1.02
6580;-1.91
6581;-1.97
6582;-1.01
6583;-0.06
6584;-0.09
6585;0.1
6586;2.94
6587;2.33
6588;12.97
6589;8.04
6590;4.67
6591;10.02
6592;22.47
6593;19.95
6594;23.19
6595;23.51
6596;23.96
6597;23.95
6598;22.03
6599;19.94
6600;5.79
6601;0.07
6602;0.63
6603;0.94
6604;1.45
6605;7.1
6606;22.21
6607;23.9
6608;90.11
6609;95.87
6610;98.22
6611;95.68
6612;95.35
6613;95.21
6614;87.69
6615;83.36
6616;83.23
6617;84.65
6618;94.39
6619;93.98
6620;95.74
6621;40.06
6622;30.05
6623;24.05
6624;20.14
6625;17.19
6626;15.98
6627;16.05
6628;20.13
6629;23.37
6630;28.24
6631;44.78
6632;86.72
6633;98.19
6634;97.88
6635;97.78
6636;97.1
6637;96.88
6638;67.7
6639;74.98
6640;94.94
6641;92.89
6642;89
6643;106.86
6644;107.8
6645;105.76
6646;54.99
6647;51.86
6648;46.07
6649;35
6650;34.71
6651;34.86
6652;35.51
6653;40.06
6654;49.22
6655;54.94
6656;103.5
6657;112.01
6658;112.7
6659;113.27
6660;112.94
6661;111.93
6662;109.46
6663;110.09
6664;110.42
6665;110.5
6666;111.88
6667;113.34
6668;113.84
6669;111.73
6670;55.32
6671;51.88
6672;48.07
6673;44.4
6674;40.06
6675;35.71
6676;30.31
6677;34.99
6678;43.74
6679;77.71
6680;122.29
6681;123.52
6682;125.11
6683;124.32
6684;121.53
6685;119.19
6686;116.87
6687;115.25
6688;117.95
6689;120.16
6690;129.31
6691;144.87
6692;132.76
6693;121.52
6694;118.68
6695;95.32
6696;58.11
6697;51.5
6698;52.5
6699;50.58
6700;47.94
6701;49.28
6702;86.62
6703;119.94
6704;122.68
6705;126.95
6706;125.74
6707;126.22
6708;123.82
6709;123.51
6710;119.86
6711;117.87
6712;116.44
6713;117.46
6714;122.17
6715;126.79
6716;124.03
6717;119.36
6718;106.51
6719;72.98
6720;51.06
6721;46.97
6722;47.39
6723;46.99
6724;48.13
6725;49.74
6726;50.15
6727;67.1
6728;78.62
6729;97.64
6730;120.63
6731;117.96
6732;100.81
6733;78.7
6734;70.44
6735;70.5
6736;91.56
6737;115.24
6738;125.44
6739;128.9
6740;125.21
6741;84.33
6742;53.36
6743;45.86
6744;37.75
6745;22.52
6746;19.54
6747;17.58
6748;17.07
6749;17.14
6750;18.51
6751;21.71
6752;24.7
6753;36.93
6754;44
6755;46.54
6756;47.31
6757;45.75
6758;42.79
6759;41.46
6760;41.91
6761;44.73
6762;47.46
6763;49.04
6764;47.63
6765;43.86
6766;37.64
6767;29.56
6768;21.92
6769;19.43
6770;17.12
6771;16.23
6772;16.97
6773;20.41
6774;35.11
6775;109.94
6776;114.74
6777;119.57
6778;117.06
6779;112.93
6780;109.71
6781;107.37
6782;101.88
6783;98.96
6784;101.2
6785;103.44
6786;110.44
6787;116.7
6788;116.8
6789;110.35
6790;106.02
6791;79.89
6792;41.54
6793;35.84
6794;33.12
6795;31.83
6796;30.15
6797;36.02
6798;76.25
6799;111.85
6800;124.98
6801;178.36
6802;199.99
6803;197.96
6804;165
6805;128.17
6806;119.44
6807;118.77
6808;117.09
6809;119.22
6810;164.95
6811;229.79
6812;168.1
6813;121.48
6814;120.07
6815;112.92
6816;86.74
6817;39.16
6818;40.39
6819;37.94
6820;48.5
6821;92.89
6822;100.09
6823;130.17
6824;223.8
6825;250.59
6826;238.97
6827;211.31
6828;195.56
6829;189.75
6830;168.74
6831;165.42
6832;167.6
6833;185.35
6834;213.96
6835;246.99
6836;280.41
6837;199.94
6838;129.49
6839;118.72
6840;105.99
6841;99.3
6842;57.15
6843;41.11
6844;33.65
6845;41.25
6846;77.07
6847;107.14
6848;113.76
6849;116.84
6850;114.82
6851;111.35
6852;107.67
6853;105
6854;100.81
6855;98.89
6856;98.28
6857;97.01
6858;98.57
6859;98.38
6860;92.58
6861;30.31
6862;20.61
6863;14.81
6864;4.2
6865;2.25
6866;1.78
6867;2.3
6868;2.8
6869;3.53
6870;12.72
6871;17.83
6872;66.93
6873;90.91
6874;90.01
6875;77.66
6876;69.2
6877;57.43
6878;27
6879;8.85
6880;7.95
6881;66.95
6882;91.72
6883;99.04
6884;99.11
6885;51.89
6886;20.9
6887;4.92
6888;4.17
6889;8.39
6890;5.03
6891;4.7
6892;4.37
6893;4.86
6894;7.18
6895;5.06
6896;9.07
6897;9.96
6898;15.16
6899;11.72
6900;4.89
6901;3.92
6902;3.53
6903;3.4
6904;3.6
6905;4.64
6906;15.54
6907;40.09
6908;26.93
6909;8.28
6910;4.96
6911;8.19
6912;4.88
6913;5.09
6914;5.31
6915;5.62
6916;4.7
6917;8.13
6918;11.96
6919;12.84
6920;38.42
6921;87.6
6922;89.43
6923;91.4
6924;89.09
6925;84.06
6926;77.96
6927;84.01
6928;89.09
6929;96.04
6930;112.02
6931;118.8
6932;120.29
6933;118.23
6934;109.8
6935;94.82
6936;43.39
6937;15.96
6938;14.97
6939;14.99
6940;15.48
6941;39.92
6942;96.49
6943;122.81
6944;165
6945;261.88
6946;244.49
6947;165
6948;133.38
6949;127.97
6950;124.86
6951;126.1
6952;126.02
6953;124.47
6954;150.06
6955;246.9
6956;199.95
6957;124
6958;118.03
6959;113.34
6960;101.89
6961;96.95
6962;93.45
6963;92.82
6964;85.96
6965;92.95
6966;102.5
6967;136.7
6968;199.95
6969;230.02
6970;219.31
6971;207.9
6972;193.24
6973;193.25
6974;184.16
6975;180.3
6976;167.48
6977;167.96
6978;179.1
6979;180.37
6980;154.78
6981;111.2
6982;94.98
6983;67.7
6984;16.97
6985;14.04
6986;5.65
6987;4.02
6988;0.09
6989;0.15
6990;13.73
6991;16.15
6992;78.46
6993;97.92
6994;67.06
6995;59.85
6996;54.73
6997;46.94
6998;43.01
6999;30.95
7000;39.85
7001;42.48
7002;78.41
7003;93.13
7004;84.98
7005;17.58
7006;16.55
7007;15.95
7008;14.76
7009;10.07
7010;11.12
7011;11.66
7012;12.82
7013;14.88
7014;17.88
7015;21
7016;96
7017;105.49
7018;103.42
7019;89.66
7020;77.05
7021;52.28
7022;30
7023;18.9
7024;30.02
7025;49.04
7026;64.91
7027;93.69
7028;90.53
7029;67.29
7030;14.81
7031;13.64
7032;10.07
7033;4.25
7034;4.08
7035;3.06
7036;2.5
7037;3.94
7038;5.08
7039;14.5
7040;86.65
7041;92.2
7042;89.39
7043;68.56
7044;55.24
7045;44.06
7046;24.46
7047;23.22
7048;30.08
7049;54.95
7050;82.66
7051;92.04
7052;89.73
7053;30
7054;18.28
7055;13.9
7056;11.75
7057;12.85
7058;12.21
7059;12
7060;12.58
7061;13.3
7062;14.44
7063;14.85
7064;15.65
7065;25.6
7066;88.05
7067;94.75
7068;91.21
7069;85.88
7070;84.93
7071;85.61
7072;85.6
7073;112.9
7074;132.65
7075;194.35
7076;172.72
7077;133.46
7078;123.17
7079;110.06
7080;94.97
7081;40.85
7082;29.27
7083;18.59
7084;17.95
7085;17.25
7086;16.84
7087;17.31
7088;17.32
7089;22.37
7090;35.94
7091;31.86
7092;39.56
7093;26.89
7094;21.97
7095;20.53
7096;18.14
7097;21.94
7098;67.85
7099;85.08
7100;27.22
7101;16.41
7102;15.77
7103;14.42
7104;12.79
7105;13.91
7106;14.18
7107;14.2
7108;14.25
7109;14.86
7110;15.82
7111;87.65
7112;102.78
7113;115.53
7114;114.92
7115;108.51
7116;105.08
7117;102.43
7118;101.76
7119;101.97
7120;106.15
7121;114.93
7122;121.93
7123;124.8
7124;118.41
7125;97.96
7126;59.75
7127;30.71
7128;16.04
7129;15.9
7130;16.21
7131;16.04
7132;16.1
7133;17.11
7134;17.31
7135;84.96
7136;111.18
7137;116.94
7138;115
7139;113.08
7140;109.83
7141;93.94
7142;89.99
7143;89.92
7144;92.96
7145;93.83
7146;108.79
7147;113.12
7148;105.79
7149;89.94
7150;26.47
7151;16.07
7152;14.96
7153;17.21
7154;16.9
7155;15.02
7156;13.19
7157;12.38
7158;12.71
7159;14.02
7160;67
7161;67.03
7162;63.13
7163;30.79
7164;25.07
7165;16.98
7166;16.51
7167;15.03
7168;14.83
7169;14.95
7170;67.3
7171;73.22
7172;67.06
7173;15.08
7174;13.78
7175;11.9
7176;6.75
7177;11.85
7178;7.73
7179;7.34
7180;9.5
7181;10.32
7182;13.28
7183;14.68
7184;78.3
7185;80.45
7186;75.08
7187;50.29
7188;36.64
7189;23.88
7190;20.56
7191;16.81
7192;16.48
7193;16.54
7194;22.29
7195;39.96
7196;16.42
7197;15.55
7198;14.88
7199;13.99
7200;12.11
7201;13.09
7202;12.18
7203;11.64
7204;11.33
7205;11.9
7206;13.48
7207;15.56
7208;60.03
7209;89.92
7210;89.88
7211;86.56
7212;76.36
7213;64.96
7214;25.31
7215;22.25
7216;19.49
7217;54.05
7218;86.77
7219;93
7220;56.91
7221;16.19
7222;16.07
7223;14.95
7224;12.98
7225;12.15
7226;12.81
7227;11.89
7228;11.97
7229;12.29
7230;12.78
7231;11.13
7232;11.41
7233;13.27
7234;17.07
7235;16.13
7236;17.3
7237;17.03
7238;20.59
7239;19.57
7240;21.02
7241;22.93
7242;64.97
7243;77.84
7244;21.55
7245;16.91
7246;22.81
7247;13.18
7248;11.5
7249;14.51
7250;14.44
7251;13.67
7252;13.09
7253;13.15
7254;13.09
7255;13.36
7256;11.57
7257;16.51
7258;20.58
7259;69.99
7260;64.99
7261;64.91
7262;61.66
7263;56.12
7264;56.15
7265;63.1
7266;69.92
7267;79.13
7268;74.54
7269;60.06
7270;36.25
7271;17.95
7272;16.54
7273;14.98
7274;13.94
7275;13.13
7276;13.18
7277;14
7278;14.45
7279;16.69
7280;19.97
7281;75.3
7282;86.24
7283;83.1
7284;80.19
7285;75.81
7286;76.45
7287;77.97
7288;78.91
7289;84.26
7290;84.86
7291;91.13
7292;89.84
7293;81.76
7294;18.3
7295;13.94
7296;12.63
7297;10.75
7298;6.63
7299;3.65
7300;4.18
7301;3.43
7302;7.77
7303;13.02
7304;87.83
7305;91.15
7306;95.21
7307;92.15
7308;92.62
7309;92.8
7310;94.95
7311;97.28
7312;96.73
7313;97.68
7314;99.13
7315;98.73
7316;96.92
7317;90.91
7318;88.06
7319;81.97
7320;19.15
7321;14.96
7322;15.95
7323;15.57
7324;14.96
7325;15.24
7326;15.79
7327;17.33
7328;81.18
7329;99.29
7330;105.5
7331;100
7332;99.96
7333;98.51
7334;98.78
7335;101.41
7336;101.46
7337;102.65
7338;108.59
7339;119.41
7340;119.26
7341;104.02
7342;95.55
7343;62.09
7344;21.61
7345;19.75
7346;19.45
7347;18.4
7348;18.02
7349;18.74
7350;19.91
7351;35.52
7352;103.62
7353;119.38
7354;124.19
7355;124.21
7356;120.66
7357;112.47
7358;107.97
7359;107.97
7360;107.77
7361;111.79
7362;120.83
7363;124.83
7364;117.21
7365;102.29
7366;86.35
7367;83.72
7368;30.68
7369;18.82
7370;16.16
7371;14.95
7372;14.68
7373;14.9
7374;15.24
7375;18.82
7376;73.33
7377;100.21
7378;102.41
7379;100.53
7380;97.25
7381;93.13
7382;87.55
7383;85.21
7384;83.04
7385;85.57
7386;87.91
7387;90.85
7388;88.59
7389;44.93
7390;14.88
7391;13.39
7392;12.23
7393;7.33
7394;3.41
7395;2.71
7396;1.82
7397;1.86
7398;2.06
7399;3.21
7400;2.78
7401;3.41
7402;4.85
7403;9.82
7404;11.17
7405;11.54
7406;11.77
7407;11.85
7408;12.64
7409;13.52
7410;75.09
7411;65
7412;34.36
7413;13.36
7414;12.76
7415;12.69
7416;11.89
7417;10.22
7418;6.73
7419;4.68
7420;3.44
7421;1.64
7422;1.47
7423;2.77
7424;3.28
7425;9.28
7426;10.86
7427;14.08
7428;12.64
7429;13.84
7430;14.14
7431;15.32
7432;15.92
7433;22.42
7434;73.11
7435;83.85
7436;78.91
7437;57.47
7438;17.46
7439;17.25
7440;15.81
7441;14.75
7442;15.4
7443;15.22
7444;15.24
7445;15.55
7446;16.57
7447;31.57
7448;98.81
7449;114.71
7450;129.98
7451;130.66
7452;125.06
7453;117.82
7454;109.69
7455;113.67
7456;117.53
7457;127.58
7458;222.25
7459;283.39
7460;269.97
7461;123.43
7462;105.1
7463;101.53
7464;95.97
7465;87.63
7466;21.94
7467;15.95
7468;14.72
7469;14.3
7470;43.05
7471;79.76
7472;88.49
7473;95.85
7474;97.03
7475;92.65
7476;83.98
7477;59.95
7478;55.95
7479;60
7480;59.93
7481;75.03
7482;81.78
7483;82.97
7484;59.99
7485;14.58
7486;13.68
7487;14.01
7488;11.75
7489;6.48
7490;3.92
7491;3.9
7492;3.81
7493;3.99
7494;4.92
7495;9.69
7496;12.07
7497;29.91
7498;75.19
7499;22.96
7500;22.99
7501;22.98
7502;40.96
7503;38.43
7504;28.44
7505;65.09
7506;95.09
7507;97.82
7508;83.96
7509;22.83
7510;10.17
7511;10.04
7512;4.77
7513;3.55
7514;2.93
7515;3.37
7516;3.46
7517;3.83
7518;4.34
7519;8.78
7520;10.75
7521;27.49
7522;49.54
7523;13.84
7524;16.72
7525;12.72
7526;12.78
7527;15.9
7528;16.73
7529;39.59
7530;70.09
7531;94.52
7532;93.91
7533;26.68
7534;15.99
7535;17.23
7536;12.14
7537;10.78
7538;11.01
7539;11.16
7540;11.11
7541;11.44
7542;12.05
7543;13.13
7544;65
7545;97.16
7546;99.75
7547;97.75
7548;96.43
7549;93.7
7550;93.61
7551;93.65
7552;93.58
7553;93.84
7554;97.51
7555;100.01
7556;97.8
7557;93.12
7558;86.89
7559;86.37
7560;83.22
7561;20.71
7562;17.13
7563;15.87
7564;14.84
7565;14.95
7566;15.92
7567;16.94
7568;20.19
7569;24.98
7570;64.92
7571;69.97
7572;45.01
7573;55.08
7574;57.92
7575;46.76
7576;55
7577;65.02
7578;97.82
7579;99.15
7580;88.06
7581;97.26
7582;64.93
7583;63.5
7584;25.16
7585;14.24
7586;15.16
7587;14.65
7588;14.15
7589;14
7590;14.7
7591;15.17
7592;14.87
7593;15.2
7594;21.92
7595;40.96
7596;59.97
7597;64.94
7598;59.88
7599;64.8
7600;70.1
7601;98.26
7602;102.78
7603;107.02
7604;103.18
7605;99.97
7606;97.27
7607;97.24
7608;64.99
7609;44.87
7610;14.22
7611;13.99
7612;13.66
7613;13.23
7614;13.58
7615;89.97
7616;98.16
7617;100.54
7618;102.25
7619;100.09
7620;99.63
7621;98.47
7622;98.53
7623;99.6
7624;99.91
7625;100.72
7626;102.42
7627;106.38
7628;101.8
7629;98
7630;67.98
7631;29.03
7632;15.91
7633;13.91
7634;12.58
7635;12.61
7636;12.75
7637;13.04
7638;13.65
7639;14.17
7640;87.19
7641;99.54
7642;101.79
7643;99.67
7644;99.56
7645;99.05
7646;98.58
7647;98.48
7648;97.8
7649;98.84
7650;99.11
7651;100.27
7652;98.69
7653;74.14
7654;53.81
7655;20.74
7656;15.94
7657;13.14
7658;13.25
7659;12.5
7660;12.23
7661;12.12
7662;12.24
7663;12.75
7664;21.04
7665;70.91
7666;94.4
7667;59.97
7668;62.11
7669;70.09
7670;59.92
7671;89.61
7672;72.98
7673;89.95
7674;92
7675;93.95
7676;90.82
7677;39.98
7678;16.94
7679;18.22
7680;14.75
7681;13.18
7682;13.25
7683;12.42
7684;12.07
7685;12.01
7686;12.38
7687;12.98
7688;85.87
7689;100.01
7690;103.79
7691;99.56
7692;96.82
7693;93.78
7694;88.35
7695;90.1
7696;87.04
7697;88.16
7698;90.06
7699;89.76
7700;86.14
7701;21.97
7702;14.06
7703;13.62
7704;12.35
7705;12.18
7706;12.36
7707;12.53
7708;12.64
7709;12.76
7710;13.36
7711;13.93
7712;14.33
7713;44.91
7714;48.37
7715;15.13
7716;14.82
7717;14.37
7718;14.19
7719;13.45
7720;12.89
7721;12.7
7722;12.73
7723;12.67
7724;12.27
7725;11.39
7726;10.19
7727;9.09
7728;4.96
7729;2.93
7730;5.01
7731;3.98
7732;3.47
7733;4.37
7734;9.31
7735;10.34
7736;10.69
7737;11.97
7738;12.93
7739;14.04
7740;13.58
7741;13.94
7742;13.7
7743;14.06
7744;20.03
7745;21.92
7746;30.78
7747;47.3
7748;26.19
7749;15.45
7750;14.18
7751;14.18
7752;14.07
7753;12.92
7754;100.45
7755;92.84
7756;90
7757;93.92
7758;104.17
7759;108.86
7760;234.02
7761;282.61
7762;269.91
7763;230.02
7764;174.2
7765;166.52
7766;115.56
7767;111.75
7768;111.23
7769;111.44
7770;112.37
7771;111.63
7772;108.67
7773;107.3
7774;98.05
7775;94.97
7776;88.53
7777;44.99
7778;16.38
7779;16.44
7780;17.96
7781;20.1
7782;47.68
7783;90.07
7784;121.46
7785;185.89
7786;248.73
7787;230.03
7788;200
7789;224.96
7790;209.02
7791;180.08
7792;160.1
7793;160.06
7794;162.92
7795;148.06
7796;114.57
7797;109.38
7798;97.5
7799;92.61
7800;61.52
7801;14.92
7802;13.35
7803;13.36
7804;13.54
7805;14.92
7806;16.1
7807;19.79
7808;72.04
7809;114.88
7810;117.94
7811;118.36
7812;118.68
7813;140.05
7814;140.01
7815;116.94
7816;116
7817;124.63
7818;149.95
7819;119.94
7820;115.32
7821;112.92
7822;105.46
7823;101.83
7824;29.15
7825;27.45
7826;13.35
7827;13.36
7828;13.54
7829;14.92
7830;16.1
7831;19.79
7832;72.04
7833;114.88
7834;117.94
7835;118.36
7836;118.68
7837;140.05
7838;140.01
7839;116.94
7840;116
7841;124.63
7842;149.95
7843;119.94
7844;115.32
7845;112.92
7846;105.46
7847;101.83
7848;29.15
7849;27.45
7850;25.78
7851;24.55
7852;23.85
7853;23.86
7854;27.25
7855;34.38
7856;98.94
7857;120.8
7858;153.93
7859;153.17
7860;139.02
7861;139.08
7862;118.26
7863;116.87
7864;117.57
7865;118.77
7866;148.95
7867;208.94
7868;149.94
7869;126.72
7870;114.66
7871;110.41
7872;105.85
7873;87.84
7874;98.61
7875;87.26
7876;89.15
7877;90.69
7878;104.9
7879;115.22
7880;208.18
7881;262.62
7882;282.05
7883;259.97
7884;235.91
7885;195.4
7886;201.91
7887;174.9
7888;169.75
7889;165.49
7890;186.79
7891;220.46
7892;155.42
7893;144.93
7894;114.01
7895;113.95
7896;111.43
7897;105.73
7898;126.96
7899;120.24
7900;118.41
7901;117.99
7902;119.58
7903;121.2
7904;117.15
7905;128.4
7906;159.01
7907;213.83
7908;216.8
7909;180.1
7910;213.58
7911;210.84
7912;218.9
7913;225
7914;227.38
7915;270.8
7916;250
7917;214.03
7918;184.1
7919;200
7920;127.69
7921;119.96
7922;176.78
7923;140.1
7924;138.55
7925;136.14
7926;140.01
7927;168.92
7928;163.68
7929;158.76
7930;181.53
7931;199.99
7932;203.01
7933;209.76
7934;210.07
7935;198.28
7936;198.34
7937;205.11
7938;217.03
7939;245.13
7940;247.94
7941;238.15
7942;211.43
7943;189.04
7944;192.33
7945;144.17
7946;150.89
7947;146.92
7948;137.04
7949;133.37
7950;139.95
7951;152.6
7952;215.76
7953;289.44
7954;331.14
7955;320.09
7956;295.83
7957;298.54
7958;299.03
7959;329.2
7960;342.77
7961;352.11
7962;360
7963;421.87
7964;410.13
7965;355.06
7966;310.16
7967;229.05
7968;183.92
7969;130.05
7970;119.03
7971;100.51
7972;91.93
7973;77.8
7974;91.01
7975;101.61
7976;112.25
7977;144.98
7978;210.04
7979;159.86
7980;177.24
7981;171.24
7982;167.56
7983;172.76
7984;189.04
7985;250.07
7986;271.67
7987;264.12
7988;228.92
7989;232.6
7990;215.06
7991;171.89
7992;142.39
7993;123.89
7994;127.25
7995;107
7996;97.39
7997;93.97
7998;96.94
7999;111.11
8000;119.52
8001;181.47
8002;212.01
8003;209.08
8004;149.77
8005;120.82
8006;119.35
8007;119.47
8008;119.82
8009;119.96
8010;121.88
8011;121.73
8012;120.81
8013;118.45
8014;120.93
8015;113.1
8016;86.56
8017;71.17
8018;39.18
8019;29.61
8020;37.08
8021;63.76
8022;76.15
8023;92.63
8024;132.05
8025;152.83
8026;200.1
8027;199.54
8028;196.48
8029;221.44
8030;217.52
8031;226.37
8032;251.9
8033;297.64
8034;319.95
8035;346.46
8036;298.54
8037;219
8038;172.05
8039;156.14
8040;146.37
8041;127.09
8042;141.25
8043;124.99
8044;118.09
8045;111.39
8046;115.02
8047;130.73
8048;169.95
8049;248.03
8050;256.41
8051;259.99
8052;247.63
8053;230.05
8054;230.01
8055;228.28
8056;141.63
8057;180.1
8058;228.23
8059;174.21
8060;138.25
8061;130.3
8062;118.05
8063;116.71
8064;119.59
8065;106.48
8066;110
8067;105.21
8068;102.37
8069;98.31
8070;93.92
8071;103.61
8072;129.92
8073;128.3
8074;139.96
8075;215.92
8076;230
8077;220.1
8078;222.45
8079;210.06
8080;213.48
8081;210
8082;222
8083;243.05
8084;212.87
8085;161.59
8086;133.21
8087;129.57
8088;125.71
8089;116.99
8090;87.39
8091;87.92
8092;84.63
8093;80.99
8094;80.92
8095;84.77
8096;80.97
8097;91.9
8098;100.05
8099;118.52
8100;128.45
8101;128.6
8102;129.55
8103;129.59
8104;130.66
8105;133.87
8106;223.57
8107;250.74
8108;253.76
8109;215.68
8110;156.59
8111;148.74
8112;141.84
8113;129.59
8114;129.06
8115;126.91
8116;125.92
8117;129.48
8118;136.62
8119;177.58
8120;263.39
8121;348.1
8122;371.54
8123;363.67
8124;360
8125;353.01
8126;339.87
8127;322.88
8128;322.67
8129;456.77
8130;626.06
8131;520.69
8132;350.05
8133;317.34
8134;263.17
8135;199
8136;195.5
8137;162.1
8138;131.45
8139;119.95
8140;114.9
8141;114.61
8142;131.01
8143;145.45
8144;210.06
8145;289.18
8146;449.94
8147;395
8148;331.4
8149;331.59
8150;307.01
8151;287.05
8152;294.27
8153;307.4
8154;364.36
8155;298.68
8156;292
8157;285.93
8158;198.35
8159;177.43
8160;122.53
8161;91.36
8162;85.46
8163;77.64
8164;69.96
8165;66.08
8166;79.95
8167;92.02
8168;117.46
8169;174.28
8170;227.96
8171;222.92
8172;201.96
8173;204.59
8174;209.51
8175;214.73
8176;234.31
8177;247.19
8178;261.54
8179;292
8180;260.09
8181;245.95
8182;151.4
8183;135.6
8184;130.38
8185;124.02
8186;117.02
8187;114.49
8188;114.01
8189;114.54
8190;115.69
8191;125.28
8192;241.7
8193;308.2
8194;338.29
8195;346.2
8196;338.99
8197;340
8198;335.64
8199;334.51
8200;342.19
8201;343
8202;349.21
8203;355.69
8204;345
8205;316.3
8206;239.9
8207;214.72
8208;160.06
8209;128.85
8210;132.29
8211;130.06
8212;127.02
8213;127.75
8214;130.8
8215;169.31
8216;237.98
8217;282.83
8218;299.5
8219;290.81
8220;282.78
8221;266.49
8222;250.79
8223;245.1
8224;242.85
8225;254.61
8226;274.76
8227;300.04
8228;297.35
8229;199.92
8230;140.24
8231;144.42
8232;137
8233;134.17
8234;135.31
8235;120.05
8236;119.65
8237;119.94
8238;133.77
8239;134.61
8240;134.22
8241;134.95
8242;139.4
8243;179.71
8244;195.79
8245;241.2
8246;200.49
8247;189.59
8248;220.02
8249;247.07
8250;263.73
8251;281.59
8252;261.51
8253;202.47
8254;179.91
8255;176.43
8256;136.36
8257;130.01
8258;132
8259;120.49
8260;114.17
8261;109.92
8262;106.98
8263;105.9
8264;105.94
8265;108.27
8266;118.36
8267;130.92
8268;152.64
8269;172.57
8270;200.08
8271;191.13
8272;204.57
8273;231.08
8274;253.33
8275;282
8276;287.56
8277;250.81
8278;180.05
8279;199.94
8280;136.42
8281;134.53
8282;131.97
8283;130.94
8284;127.05
8285;123.57
8286;129.91
8287;134.27
8288;171.56
8289;298.36
8290;299.96
8291;303.36
8292;299.94
8293;268
8294;270
8295;250.04
8296;278
8297;299.95
8298;299.98
8299;280.06
8300;255.8
8301;136.4
8302;131.66
8303;131.45
8304;126.87
8305;47.08
8306;38.73
8307;36.02
8308;35.25
8309;35.3
8310;36.74
8311;109.84
8312;137.72
8313;217.93
8314;299.99
8315;309.25
8316;280.08
8317;329.12
8318;290.5
8319;295.18
8320;303.47
8321;351.65
8322;370.88
8323;348.92
8324;255.84
8325;142.22
8326;135.8
8327;135.33
8328;123.79
8329;52.61
8330;20.61
8331;19.12
8332;16.61
8333;14.98
8334;15.95
8335;23.07
8336;38.58
8337;119.94
8338;129.96
8339;122.81
8340;129.28
8341;128.98
8342;128.15
8343;128.11
8344;128.12
8345;133.96
8346;134.19
8347;134.01
8348;128.13
8349;107.93
8350;38.89
8351;21.7
8352;19.83
8353;14.97
8354;15.08
8355;14.31
8356;14.02
8357;14.96
8358;16.91
8359;19.96
8360;18.84
8361;22.03
8362;127.94
8363;123.88
8364;127.96
8365;124.22
8366;122.08
8367;119.97
8368;130.56
8369;158.03
8370;166.47
8371;175.85
8372;175.03
8373;142.97
8374;122.48
8375;119.02
8376;102.93
8377;19.95
8378;19.36
8379;19.06
8380;19.15
8381;18.79
8382;21.1
8383;70
8384;176.68
8385;180.54
8386;196.89
8387;200.03
8388;199.84
8389;200.02
8390;195.04
8391;191.94
8392;204.02
8393;244.93
8394;280.22
8395;274.02
8396;208.78
8397;186.42
8398;165.07
8399;164.82
8400;146.3
8401;78.45
8402;145.43
8403;104.99
8404;19.83
8405;19.58
8406;19.94
8407;21.06
8408;37.93
8409;99.17
8410;136.45
8411;159.05
8412;166.69
8413;162.99
8414;149.78
8415;133.61
8416;133.57
8417;140.31
8418;153.09
8419;154.76
8420;149.98
8421;119.92
8422;74.96
8423;42.79
8424;19.16
8425;16.03
8426;15.01
8427;13.75
8428;14
8429;14.88
8430;15.03
8431;15.34
8432;15.17
8433;17.36
8434;20.43
8435;22.92
8436;59.9
8437;80.21
8438;54.99
8439;59.95
8440;85.6
8441;99.99
8442;133.78
8443;170.68
8444;174.5
8445;173.73
8446;125.89
8447;108.5
8448;94.64
8449;28.77
8450;34.91
8451;34.08
8452;34.89
8453;37.93
8454;93.5
8455;134.95
8456;225.98
8457;387.43
8458;425.95
8459;400.19
8460;364.81
8461;353.3
8462;325.1
8463;359.51
8464;404.92
8465;428.82
8466;439.97
8467;460.08
8468;465.98
8469;442.73
8470;424
8471;364.23
8472;332.81
8473;216.21
8474;233.67
8475;208.73
8476;203.13
8477;201.13
8478;221.81
8479;315.03
8480;399.98
8481;471.02
8482;510.02
8483;513.58
8484;503.39
8485;480
8486;457.26
8487;460
8488;476.21
8489;505.13
8490;539.91
8491;620
8492;600.1
8493;520
8494;470.59
8495;408.25
8496;342.63
8497;261.97
8498;227.97
8499;213.43
8500;210.09
8501;213.87
8502;226.96
8503;307.44
8504;419.46
8505;505.34
8506;520.59
8507;506.93
8508;485.51
8509;429.25
8510;395.69
8511;400.54
8512;471.13
8513;499.43
8514;505.5
8515;529.2
8516;503.71
8517;450.28
8518;299.98
8519;246.57
8520;226.36
8521;202.45
8522;226.51
8523;191.4
8524;190.91
8525;191.91
8526;191.45
8527;205.39
8528;229.98
8529;252.72
8530;350.04
8531;299.99
8532;299.93
8533;281.22
8534;272.3
8535;271.92
8536;271.67
8537;295.97
8538;320.74
8539;284
8540;243.03
8541;225.51
8542;206.79
8543;150.5
8544;138.3
8545;98.85
8546;107.42
8547;96.14
8548;89.29
8549;81.78
8550;85.8
8551;100.08
8552;86.74
8553;115.94
8554;146.68
8555;189.83
8556;189.9
8557;179.91
8558;189.96
8559;164.15
8560;150.96
8561;185.23
8562;218.74
8563;183.87
8564;160.17
8565;144.02
8566;121.38
8567;140.45
8568;110.1
8569;107.84
8570;89.22
8571;77.17
8572;68.25
8573;74.82
8574;80.02
8575;81.28
8576;91.63
8577;119.49
8578;130.46
8579;150.06
8580;179.94
8581;171.42
8582;150.01
8583;150.95
8584;141.86
8585;159.75
8586;166.2
8587;204.22
8588;159.09
8589;142.49
8590;130.36
8591;151.36
8592;129.96
8593;95.17
8594;97.2
8595;93.16
8596;91.55
8597;91.58
8598;93.19
8599;100
8600;100.08
8601;141.45
8602;170.2
8603;185.94
8604;199.35
8605;202.81
8606;199.4
8607;193.73
8608;193.3
8609;193.39
8610;195.65
8611;217.55
8612;210.58
8613;207.75
8614;190.69
8615;155.49
8616;144.9
8617;100.08
8618;95.79
8619;86.23
8620;81.36
8621;78.96
8622;76.04
8623;97.53
8624;110.05
8625;134.11
8626;165.61
8627;199.97
8628;204.97
8629;200.12
8630;210.04
8631;200.18
8632;188.43
8633;188.43
8634;186.19
8635;205
8636;207.1
8637;196.05
8638;161.33
8639;111.05
8640;113.05
8641;87
8642;74.4
8643;59.99
8644;46.92
8645;37.11
8646;38.79
8647;48.6
8648;75.59
8649;101.96
8650;122.23
8651;142.96
8652;142.16
8653;135.16
8654;126.59
8655;118.2
8656;126.89
8657;145.61
8658;144.9
8659;145
8660;150.06
8661;149.89
8662;139.09
8663;125.22
8664;127.68
8665;110.08
8666;109.37
8667;91.04
8668;92.11
8669;90.82
8670;94.01
8671;117.63
8672;139.98
8673;177.45
8674;200
8675;203.45
8676;204.2
8677;204.38
8678;205.61
8679;205.62
8680;205.7
8681;200
8682;195.99
8683;203.44
8684;183.93
8685;163.63
8686;130.06
8687;108.64
8688;106.34
8689;83.35
8690;73.08
8691;47.86
8692;33.12
8693;25.79
8694;27.84
8695;42.06
8696;54.57
8697;97.26
8698;103.37
8699;93.6
8700;98.06
8701;95.55
8702;97.23
8703;88.75
8704;81.7
8705;75.44
8706;81.92
8707;91.98
8708;89.98
8709;80
8710;54.59
8711;55
8712;53.5
8713;50.13
8714;30.04
8715;26.15
8716;25.12
8717;24.01
8718;24.81
8719;24.43
8720;27.18
8721;30.34
8722;32.64
8723;35.22
8724;39.16
8725;45.42
8726;50.45
8727;51.64
8728;52.92
8729;55.36
8730;95.06
8731;105.07
8732;94.78
8733;48.01
8734;33.96
8735;33.08
8736;32.34
8737;29.76
8738;30.04
8739;26.15
8740;25.12
8741;24.01
8742;24.81
8743;24.43
8744;27.18
8745;30.34
8746;32.64
8747;35.22
8748;39.16
8749;45.42
8750;50.45
8751;51.64
8752;52.92
8753;55.36
8754;95.06
8755;105.07
8756;94.78
8757;48.01
8758;33.96
8759;33.08
8760;32.34
8761;29.76
